roll_no,name,branch,year,course_code,email
2026IT1001,Student_Name_1,IT,1,IT302,student1@college.edu
2026EE1002,Student_Name_2,EE,3,EE408,student2@college.edu
2026IT1003,Student_Name_3,IT,1,IT302,student3@college.edu
2026IT1004,Student_Name_4,IT,1,IT302,student4@college.edu
2026CS1005,Student_Name_5,CS,4,CS401,student5@college.edu
2026ME1006,Student_Name_6,ME,4,ME205,student6@college.edu
2026CE1007,Student_Name_7,CE,1,CE101,student7@college.edu
2026CS1008,Student_Name_8,CS,2,CS401,student8@college.edu
2026ME1009,Student_Name_9,ME,3,ME205,student9@college.edu
2026EE1010,Student_Name_10,EE,4,EE408,student10@college.edu
2026ME1011,Student_Name_11,ME,2,ME205,student11@college.edu
2026CE1012,Student_Name_12,CE,2,CE101,student12@college.edu
2026IT1013,Student_Name_13,IT,3,IT302,student13@college.edu
2026IT1014,Student_Name_14,IT,1,IT302,student14@college.edu
2026CS1015,Student_Name_15,CS,4,CS401,student15@college.edu
2026IT1016,Student_Name_16,IT,4,IT302,student16@college.edu
2026EE1017,Student_Name_17,EE,3,EE408,student17@college.edu
2026CE1018,Student_Name_18,CE,4,CE101,student18@college.edu
2026IT1019,Student_Name_19,IT,4,IT302,student19@college.edu
2026IT1020,Student_Name_20,IT,2,IT302,student20@college.edu
2026CS1021,Student_Name_21,CS,2,CS401,student21@college.edu
2026IT1022,Student_Name_22,IT,2,IT302,student22@college.edu
2026ME1023,Student_Name_23,ME,2,ME205,student23@college.edu
2026CS1024,Student_Name_24,CS,2,CS401,student24@college.edu
2026CE1025,Student_Name_25,CE,3,CE101,student25@college.edu
2026CS1026,Student_Name_26,CS,1,CS401,student26@college.edu
2026CS1027,Student_Name_27,CS,1,CS401,student27@college.edu
2026EE1028,Student_Name_28,EE,4,EE408,student28@college.edu
2026ME1029,Student_Name_29,ME,3,ME205,student29@college.edu
2026CE1030,Student_Name_30,CE,3,CE101,student30@college.edu
2026EE1031,Student_Name_31,EE,2,EE408,student31@college.edu
2026EE1032,Student_Name_32,EE,1,EE408,student32@college.edu
2026CS1033,Student_Name_33,CS,1,CS401,student33@college.edu
2026CE1034,Student_Name_34,CE,4,CE101,student34@college.edu
2026CE1035,Student_Name_35,CE,1,CE101,student35@college.edu
2026EE1036,Student_Name_36,EE,3,EE408,student36@college.edu
2026EE1037,Student_Name_37,EE,2,EE408,student37@college.edu
2026CE1038,Student_Name_38,CE,2,CE101,student38@college.edu
2026IT1039,Student_Name_39,IT,2,IT302,student39@college.edu
2026ME1040,Student_Name_40,ME,4,ME205,student40@college.edu
2026EE1041,Student_Name_41,EE,1,EE408,student41@college.edu
2026CE1042,Student_Name_42,CE,4,CE101,student42@college.edu
2026CE1043,Student_Name_43,CE,4,CE101,student43@college.edu
2026ME1044,Student_Name_44,ME,3,ME205,student44@college.edu
2026CE1045,Student_Name_45,CE,2,CE101,student45@college.edu
2026EE1046,Student_Name_46,EE,3,EE408,student46@college.edu
2026CS1047,Student_Name_47,CS,4,CS401,student47@college.edu
2026IT1048,Student_Name_48,IT,2,IT302,student48@college.edu
2026CS1049,Student_Name_49,CS,3,CS401,student49@college.edu
2026CS1050,Student_Name_50,CS,2,CS401,student50@college.edu
2026IT1051,Student_Name_51,IT,4,IT302,student51@college.edu
2026ME1052,Student_Name_52,ME,3,ME205,student52@college.edu
2026CE1053,Student_Name_53,CE,1,CE101,student53@college.edu
2026CE1054,Student_Name_54,CE,3,CE101,student54@college.edu
2026CS1055,Student_Name_55,CS,3,CS401,student55@college.edu
2026EE1056,Student_Name_56,EE,4,EE408,student56@college.edu
2026IT1057,Student_Name_57,IT,4,IT302,student57@college.edu
2026CS1058,Student_Name_58,CS,3,CS401,student58@college.edu
2026CS1059,Student_Name_59,CS,2,CS401,student59@college.edu
2026CE1060,Student_Name_60,CE,1,CE101,student60@college.edu
2026ME1061,Student_Name_61,ME,4,ME205,student61@college.edu
2026ME1062,Student_Name_62,ME,1,ME205,student62@college.edu
2026EE1063,Student_Name_63,EE,4,EE408,student63@college.edu
2026CS1064,Student_Name_64,CS,4,CS401,student64@college.edu
2026IT1065,Student_Name_65,IT,3,IT302,student65@college.edu
2026IT1066,Student_Name_66,IT,4,IT302,student66@college.edu
2026IT1067,Student_Name_67,IT,4,IT302,student67@college.edu
2026EE1068,Student_Name_68,EE,4,EE408,student68@college.edu
2026IT1069,Student_Name_69,IT,1,IT302,student69@college.edu
2026CE1070,Student_Name_70,CE,4,CE101,student70@college.edu
2026ME1071,Student_Name_71,ME,2,ME205,student71@college.edu
2026CE1072,Student_Name_72,CE,3,CE101,student72@college.edu
2026EE1073,Student_Name_73,EE,1,EE408,student73@college.edu
2026CE1074,Student_Name_74,CE,4,CE101,student74@college.edu
2026CE1075,Student_Name_75,CE,4,CE101,student75@college.edu
2026CS1076,Student_Name_76,CS,4,CS401,student76@college.edu
2026IT1077,Student_Name_77,IT,1,IT302,student77@college.edu
2026IT1078,Student_Name_78,IT,2,IT302,student78@college.edu
2026ME1079,Student_Name_79,ME,1,ME205,student79@college.edu
2026ME1080,Student_Name_80,ME,4,ME205,student80@college.edu
2026ME1081,Student_Name_81,ME,1,ME205,student81@college.edu
2026CS1082,Student_Name_82,CS,1,CS401,student82@college.edu
2026ME1083,Student_Name_83,ME,4,ME205,student83@college.edu
2026IT1084,Student_Name_84,IT,1,IT302,student84@college.edu
2026CE1085,Student_Name_85,CE,1,CE101,student85@college.edu
2026IT1086,Student_Name_86,IT,4,IT302,student86@college.edu
2026EE1087,Student_Name_87,EE,2,EE408,student87@college.edu
2026IT1088,Student_Name_88,IT,1,IT302,student88@college.edu
2026EE1089,Student_Name_89,EE,3,EE408,student89@college.edu
2026CS1090,Student_Name_90,CS,2,CS401,student90@college.edu
2026ME1091,Student_Name_91,ME,2,ME205,student91@college.edu
2026ME1092,Student_Name_92,ME,2,ME205,student92@college.edu
2026IT1093,Student_Name_93,IT,1,IT302,student93@college.edu
2026EE1094,Student_Name_94,EE,3,EE408,student94@college.edu
2026IT1095,Student_Name_95,IT,3,IT302,student95@college.edu
2026IT1096,Student_Name_96,IT,3,IT302,student96@college.edu
2026CE1097,Student_Name_97,CE,1,CE101,student97@college.edu
2026CE1098,Student_Name_98,CE,2,CE101,student98@college.edu
2026IT1099,Student_Name_99,IT,1,IT302,student99@college.edu
2026ME1100,Student_Name_100,ME,3,ME205,student100@college.edu
2026ME1101,Student_Name_101,ME,2,ME205,student101@college.edu
2026IT1102,Student_Name_102,IT,1,IT302,student102@college.edu
2026CS1103,Student_Name_103,CS,2,CS401,student103@college.edu
2026CS1104,Student_Name_104,CS,2,CS401,student104@college.edu
2026CE1105,Student_Name_105,CE,1,CE101,student105@college.edu
2026EE1106,Student_Name_106,EE,4,EE408,student106@college.edu
2026CS1107,Student_Name_107,CS,3,CS401,student107@college.edu
2026CE1108,Student_Name_108,CE,4,CE101,student108@college.edu
2026CS1109,Student_Name_109,CS,3,CS401,student109@college.edu
2026CE1110,Student_Name_110,CE,2,CE101,student110@college.edu
2026EE1111,Student_Name_111,EE,4,EE408,student111@college.edu
2026IT1112,Student_Name_112,IT,3,IT302,student112@college.edu
2026ME1113,Student_Name_113,ME,4,ME205,student113@college.edu
2026EE1114,Student_Name_114,EE,3,EE408,student114@college.edu
2026EE1115,Student_Name_115,EE,1,EE408,student115@college.edu
2026EE1116,Student_Name_116,EE,2,EE408,student116@college.edu
2026IT1117,Student_Name_117,IT,4,IT302,student117@college.edu
2026CE1118,Student_Name_118,CE,3,CE101,student118@college.edu
2026CE1119,Student_Name_119,CE,4,CE101,student119@college.edu
2026CE1120,Student_Name_120,CE,3,CE101,student120@college.edu
2026CE1121,Student_Name_121,CE,1,CE101,student121@college.edu
2026ME1122,Student_Name_122,ME,1,ME205,student122@college.edu
2026ME1123,Student_Name_123,ME,1,ME205,student123@college.edu
2026CS1124,Student_Name_124,CS,4,CS401,student124@college.edu
2026ME1125,Student_Name_125,ME,1,ME205,student125@college.edu
2026IT1126,Student_Name_126,IT,1,IT302,student126@college.edu
2026CS1127,Student_Name_127,CS,3,CS401,student127@college.edu
2026ME1128,Student_Name_128,ME,3,ME205,student128@college.edu
2026CE1129,Student_Name_129,CE,2,CE101,student129@college.edu
2026IT1130,Student_Name_130,IT,4,IT302,student130@college.edu
2026IT1131,Student_Name_131,IT,1,IT302,student131@college.edu
2026ME1132,Student_Name_132,ME,4,ME205,student132@college.edu
2026CS1133,Student_Name_133,CS,1,CS401,student133@college.edu
2026IT1134,Student_Name_134,IT,3,IT302,student134@college.edu
2026CS1135,Student_Name_135,CS,1,CS401,student135@college.edu
2026CS1136,Student_Name_136,CS,3,CS401,student136@college.edu
2026CS1137,Student_Name_137,CS,3,CS401,student137@college.edu
2026CS1138,Student_Name_138,CS,2,CS401,student138@college.edu
2026IT1139,Student_Name_139,IT,2,IT302,student139@college.edu
2026IT1140,Student_Name_140,IT,1,IT302,student140@college.edu
2026EE1141,Student_Name_141,EE,1,EE408,student141@college.edu
2026EE1142,Student_Name_142,EE,4,EE408,student142@college.edu
2026CS1143,Student_Name_143,CS,1,CS401,student143@college.edu
2026CS1144,Student_Name_144,CS,1,CS401,student144@college.edu
2026IT1145,Student_Name_145,IT,2,IT302,student145@college.edu
2026CE1146,Student_Name_146,CE,2,CE101,student146@college.edu
2026ME1147,Student_Name_147,ME,3,ME205,student147@college.edu
2026EE1148,Student_Name_148,EE,2,EE408,student148@college.edu
2026CE1149,Student_Name_149,CE,2,CE101,student149@college.edu
2026CS1150,Student_Name_150,CS,4,CS401,student150@college.edu
2026CS1151,Student_Name_151,CS,3,CS401,student151@college.edu
2026IT1152,Student_Name_152,IT,1,IT302,student152@college.edu
2026CS1153,Student_Name_153,CS,2,CS401,student153@college.edu
2026ME1154,Student_Name_154,ME,4,ME205,student154@college.edu
2026CE1155,Student_Name_155,CE,1,CE101,student155@college.edu
2026CE1156,Student_Name_156,CE,1,CE101,student156@college.edu
2026ME1157,Student_Name_157,ME,3,ME205,student157@college.edu
2026IT1158,Student_Name_158,IT,3,IT302,student158@college.edu
2026EE1159,Student_Name_159,EE,3,EE408,student159@college.edu
2026EE1160,Student_Name_160,EE,3,EE408,student160@college.edu
2026EE1161,Student_Name_161,EE,4,EE408,student161@college.edu
2026CS1162,Student_Name_162,CS,1,CS401,student162@college.edu
2026EE1163,Student_Name_163,EE,2,EE408,student163@college.edu
2026IT1164,Student_Name_164,IT,1,IT302,student164@college.edu
2026CS1165,Student_Name_165,CS,2,CS401,student165@college.edu
2026CE1166,Student_Name_166,CE,2,CE101,student166@college.edu
2026CS1167,Student_Name_167,CS,4,CS401,student167@college.edu
2026CS1168,Student_Name_168,CS,3,CS401,student168@college.edu
2026CE1169,Student_Name_169,CE,2,CE101,student169@college.edu
2026CS1170,Student_Name_170,CS,4,CS401,student170@college.edu
2026ME1171,Student_Name_171,ME,3,ME205,student171@college.edu
2026IT1172,Student_Name_172,IT,1,IT302,student172@college.edu
2026EE1173,Student_Name_173,EE,3,EE408,student173@college.edu
2026ME1174,Student_Name_174,ME,1,ME205,student174@college.edu
2026IT1175,Student_Name_175,IT,3,IT302,student175@college.edu
2026CS1176,Student_Name_176,CS,2,CS401,student176@college.edu
2026EE1177,Student_Name_177,EE,4,EE408,student177@college.edu
2026IT1178,Student_Name_178,IT,4,IT302,student178@college.edu
2026IT1179,Student_Name_179,IT,1,IT302,student179@college.edu
2026CE1180,Student_Name_180,CE,3,CE101,student180@college.edu
2026ME1181,Student_Name_181,ME,1,ME205,student181@college.edu
2026CE1182,Student_Name_182,CE,2,CE101,student182@college.edu
2026CS1183,Student_Name_183,CS,2,CS401,student183@college.edu
2026CS1184,Student_Name_184,CS,2,CS401,student184@college.edu
2026ME1185,Student_Name_185,ME,1,ME205,student185@college.edu
2026CE1186,Student_Name_186,CE,4,CE101,student186@college.edu
2026ME1187,Student_Name_187,ME,2,ME205,student187@college.edu
2026IT1188,Student_Name_188,IT,1,IT302,student188@college.edu
2026CS1189,Student_Name_189,CS,3,CS401,student189@college.edu
2026CS1190,Student_Name_190,CS,2,CS401,student190@college.edu
2026CE1191,Student_Name_191,CE,3,CE101,student191@college.edu
2026ME1192,Student_Name_192,ME,2,ME205,student192@college.edu
2026CS1193,Student_Name_193,CS,1,CS401,student193@college.edu
2026CS1194,Student_Name_194,CS,3,CS401,student194@college.edu
2026EE1195,Student_Name_195,EE,3,EE408,student195@college.edu
2026EE1196,Student_Name_196,EE,1,EE408,student196@college.edu
2026CE1197,Student_Name_197,CE,4,CE101,student197@college.edu
2026CE1198,Student_Name_198,CE,4,CE101,student198@college.edu
2026CE1199,Student_Name_199,CE,4,CE101,student199@college.edu
2026CE1200,Student_Name_200,CE,3,CE101,student200@college.edu
2026IT1201,Student_Name_201,IT,1,IT302,student201@college.edu
2026IT1202,Student_Name_202,IT,1,IT302,student202@college.edu
2026EE1203,Student_Name_203,EE,2,EE408,student203@college.edu
2026EE1204,Student_Name_204,EE,1,EE408,student204@college.edu
2026IT1205,Student_Name_205,IT,3,IT302,student205@college.edu
2026IT1206,Student_Name_206,IT,3,IT302,student206@college.edu
2026CS1207,Student_Name_207,CS,4,CS401,student207@college.edu
2026ME1208,Student_Name_208,ME,4,ME205,student208@college.edu
2026CE1209,Student_Name_209,CE,4,CE101,student209@college.edu
2026EE1210,Student_Name_210,EE,3,EE408,student210@college.edu
2026CS1211,Student_Name_211,CS,3,CS401,student211@college.edu
2026ME1212,Student_Name_212,ME,3,ME205,student212@college.edu
2026CE1213,Student_Name_213,CE,1,CE101,student213@college.edu
2026EE1214,Student_Name_214,EE,3,EE408,student214@college.edu
2026IT1215,Student_Name_215,IT,2,IT302,student215@college.edu
2026CE1216,Student_Name_216,CE,4,CE101,student216@college.edu
2026IT1217,Student_Name_217,IT,2,IT302,student217@college.edu
2026CE1218,Student_Name_218,CE,2,CE101,student218@college.edu
2026CE1219,Student_Name_219,CE,3,CE101,student219@college.edu
2026ME1220,Student_Name_220,ME,2,ME205,student220@college.edu
2026CS1221,Student_Name_221,CS,1,CS401,student221@college.edu
2026ME1222,Student_Name_222,ME,1,ME205,student222@college.edu
2026CE1223,Student_Name_223,CE,2,CE101,student223@college.edu
2026EE1224,Student_Name_224,EE,3,EE408,student224@college.edu
2026CE1225,Student_Name_225,CE,2,CE101,student225@college.edu
2026CS1226,Student_Name_226,CS,1,CS401,student226@college.edu
2026EE1227,Student_Name_227,EE,2,EE408,student227@college.edu
2026CS1228,Student_Name_228,CS,1,CS401,student228@college.edu
2026CS1229,Student_Name_229,CS,1,CS401,student229@college.edu
2026IT1230,Student_Name_230,IT,1,IT302,student230@college.edu
2026EE1231,Student_Name_231,EE,1,EE408,student231@college.edu
2026IT1232,Student_Name_232,IT,2,IT302,student232@college.edu
2026IT1233,Student_Name_233,IT,2,IT302,student233@college.edu
2026ME1234,Student_Name_234,ME,3,ME205,student234@college.edu
2026EE1235,Student_Name_235,EE,3,EE408,student235@college.edu
2026CS1236,Student_Name_236,CS,2,CS401,student236@college.edu
2026CS1237,Student_Name_237,CS,3,CS401,student237@college.edu
2026EE1238,Student_Name_238,EE,1,EE408,student238@college.edu
2026CS1239,Student_Name_239,CS,2,CS401,student239@college.edu
2026CE1240,Student_Name_240,CE,2,CE101,student240@college.edu
2026CS1241,Student_Name_241,CS,4,CS401,student241@college.edu
2026IT1242,Student_Name_242,IT,2,IT302,student242@college.edu
2026ME1243,Student_Name_243,ME,3,ME205,student243@college.edu
2026IT1244,Student_Name_244,IT,4,IT302,student244@college.edu
2026ME1245,Student_Name_245,ME,2,ME205,student245@college.edu
2026CE1246,Student_Name_246,CE,4,CE101,student246@college.edu
2026CS1247,Student_Name_247,CS,1,CS401,student247@college.edu
2026ME1248,Student_Name_248,ME,1,ME205,student248@college.edu
2026CS1249,Student_Name_249,CS,3,CS401,student249@college.edu
2026EE1250,Student_Name_250,EE,4,EE408,student250@college.edu
2026ME1251,Student_Name_251,ME,2,ME205,student251@college.edu
2026EE1252,Student_Name_252,EE,2,EE408,student252@college.edu
2026CS1253,Student_Name_253,CS,2,CS401,student253@college.edu
2026EE1254,Student_Name_254,EE,3,EE408,student254@college.edu
2026ME1255,Student_Name_255,ME,1,ME205,student255@college.edu
2026IT1256,Student_Name_256,IT,2,IT302,student256@college.edu
2026IT1257,Student_Name_257,IT,1,IT302,student257@college.edu
2026CE1258,Student_Name_258,CE,2,CE101,student258@college.edu
2026ME1259,Student_Name_259,ME,4,ME205,student259@college.edu
2026IT1260,Student_Name_260,IT,2,IT302,student260@college.edu
2026EE1261,Student_Name_261,EE,3,EE408,student261@college.edu
2026EE1262,Student_Name_262,EE,4,EE408,student262@college.edu
2026ME1263,Student_Name_263,ME,4,ME205,student263@college.edu
2026IT1264,Student_Name_264,IT,4,IT302,student264@college.edu
2026EE1265,Student_Name_265,EE,2,EE408,student265@college.edu
2026EE1266,Student_Name_266,EE,3,EE408,student266@college.edu
2026IT1267,Student_Name_267,IT,4,IT302,student267@college.edu
2026CE1268,Student_Name_268,CE,2,CE101,student268@college.edu
2026IT1269,Student_Name_269,IT,2,IT302,student269@college.edu
2026CS1270,Student_Name_270,CS,2,CS401,student270@college.edu
2026EE1271,Student_Name_271,EE,1,EE408,student271@college.edu
2026ME1272,Student_Name_272,ME,4,ME205,student272@college.edu
2026IT1273,Student_Name_273,IT,4,IT302,student273@college.edu
2026CE1274,Student_Name_274,CE,3,CE101,student274@college.edu
2026ME1275,Student_Name_275,ME,3,ME205,student275@college.edu
2026IT1276,Student_Name_276,IT,2,IT302,student276@college.edu
2026IT1277,Student_Name_277,IT,2,IT302,student277@college.edu
2026IT1278,Student_Name_278,IT,4,IT302,student278@college.edu
2026ME1279,Student_Name_279,ME,2,ME205,student279@college.edu
2026CS1280,Student_Name_280,CS,4,CS401,student280@college.edu
2026EE1281,Student_Name_281,EE,3,EE408,student281@college.edu
2026ME1282,Student_Name_282,ME,2,ME205,student282@college.edu
2026CS1283,Student_Name_283,CS,4,CS401,student283@college.edu
2026EE1284,Student_Name_284,EE,1,EE408,student284@college.edu
2026CE1285,Student_Name_285,CE,3,CE101,student285@college.edu
2026CS1286,Student_Name_286,CS,1,CS401,student286@college.edu
2026CE1287,Student_Name_287,CE,1,CE101,student287@college.edu
2026EE1288,Student_Name_288,EE,2,EE408,student288@college.edu
2026CS1289,Student_Name_289,CS,3,CS401,student289@college.edu
2026ME1290,Student_Name_290,ME,4,ME205,student290@college.edu
2026IT1291,Student_Name_291,IT,3,IT302,student291@college.edu
2026EE1292,Student_Name_292,EE,3,EE408,student292@college.edu
2026ME1293,Student_Name_293,ME,1,ME205,student293@college.edu
2026EE1294,Student_Name_294,EE,3,EE408,student294@college.edu
2026CE1295,Student_Name_295,CE,4,CE101,student295@college.edu
2026IT1296,Student_Name_296,IT,3,IT302,student296@college.edu
2026CS1297,Student_Name_297,CS,1,CS401,student297@college.edu
2026EE1298,Student_Name_298,EE,4,EE408,student298@college.edu
2026CE1299,Student_Name_299,CE,4,CE101,student299@college.edu
2026ME1300,Student_Name_300,ME,1,ME205,student300@college.edu
2026CE1301,Student_Name_301,CE,4,CE101,student301@college.edu
2026EE1302,Student_Name_302,EE,4,EE408,student302@college.edu
2026EE1303,Student_Name_303,EE,2,EE408,student303@college.edu
2026ME1304,Student_Name_304,ME,2,ME205,student304@college.edu
2026IT1305,Student_Name_305,IT,4,IT302,student305@college.edu
2026EE1306,Student_Name_306,EE,2,EE408,student306@college.edu
2026CS1307,Student_Name_307,CS,3,CS401,student307@college.edu
2026EE1308,Student_Name_308,EE,3,EE408,student308@college.edu
2026CS1309,Student_Name_309,CS,2,CS401,student309@college.edu
2026IT1310,Student_Name_310,IT,3,IT302,student310@college.edu
2026EE1311,Student_Name_311,EE,2,EE408,student311@college.edu
2026CE1312,Student_Name_312,CE,4,CE101,student312@college.edu
2026EE1313,Student_Name_313,EE,4,EE408,student313@college.edu
2026CE1314,Student_Name_314,CE,2,CE101,student314@college.edu
2026CE1315,Student_Name_315,CE,3,CE101,student315@college.edu
2026ME1316,Student_Name_316,ME,4,ME205,student316@college.edu
2026CS1317,Student_Name_317,CS,3,CS401,student317@college.edu
2026ME1318,Student_Name_318,ME,1,ME205,student318@college.edu
2026CS1319,Student_Name_319,CS,2,CS401,student319@college.edu
2026EE1320,Student_Name_320,EE,1,EE408,student320@college.edu
2026ME1321,Student_Name_321,ME,3,ME205,student321@college.edu
2026ME1322,Student_Name_322,ME,4,ME205,student322@college.edu
2026IT1323,Student_Name_323,IT,2,IT302,student323@college.edu
2026CE1324,Student_Name_324,CE,1,CE101,student324@college.edu
2026IT1325,Student_Name_325,IT,1,IT302,student325@college.edu
2026ME1326,Student_Name_326,ME,3,ME205,student326@college.edu
2026ME1327,Student_Name_327,ME,3,ME205,student327@college.edu
2026IT1328,Student_Name_328,IT,2,IT302,student328@college.edu
2026EE1329,Student_Name_329,EE,4,EE408,student329@college.edu
2026CS1330,Student_Name_330,CS,1,CS401,student330@college.edu
2026IT1331,Student_Name_331,IT,3,IT302,student331@college.edu
2026CS1332,Student_Name_332,CS,2,CS401,student332@college.edu
2026CE1333,Student_Name_333,CE,3,CE101,student333@college.edu
2026CE1334,Student_Name_334,CE,2,CE101,student334@college.edu
2026IT1335,Student_Name_335,IT,4,IT302,student335@college.edu
2026ME1336,Student_Name_336,ME,1,ME205,student336@college.edu
2026EE1337,Student_Name_337,EE,3,EE408,student337@college.edu
2026IT1338,Student_Name_338,IT,1,IT302,student338@college.edu
2026CS1339,Student_Name_339,CS,2,CS401,student339@college.edu
2026CE1340,Student_Name_340,CE,3,CE101,student340@college.edu
2026EE1341,Student_Name_341,EE,2,EE408,student341@college.edu
2026CS1342,Student_Name_342,CS,4,CS401,student342@college.edu
2026ME1343,Student_Name_343,ME,3,ME205,student343@college.edu
2026EE1344,Student_Name_344,EE,2,EE408,student344@college.edu
2026ME1345,Student_Name_345,ME,4,ME205,student345@college.edu
2026CE1346,Student_Name_346,CE,3,CE101,student346@college.edu
2026ME1347,Student_Name_347,ME,2,ME205,student347@college.edu
2026EE1348,Student_Name_348,EE,2,EE408,student348@college.edu
2026CE1349,Student_Name_349,CE,2,CE101,student349@college.edu
2026CE1350,Student_Name_350,CE,1,CE101,student350@college.edu
2026CS1351,Student_Name_351,CS,2,CS401,student351@college.edu
2026ME1352,Student_Name_352,ME,4,ME205,student352@college.edu
2026ME1353,Student_Name_353,ME,1,ME205,student353@college.edu
2026EE1354,Student_Name_354,EE,1,EE408,student354@college.edu
2026ME1355,Student_Name_355,ME,4,ME205,student355@college.edu
2026CE1356,Student_Name_356,CE,4,CE101,student356@college.edu
2026IT1357,Student_Name_357,IT,3,IT302,student357@college.edu
2026CS1358,Student_Name_358,CS,2,CS401,student358@college.edu
2026CS1359,Student_Name_359,CS,4,CS401,student359@college.edu
2026IT1360,Student_Name_360,IT,1,IT302,student360@college.edu
2026CE1361,Student_Name_361,CE,1,CE101,student361@college.edu
2026EE1362,Student_Name_362,EE,1,EE408,student362@college.edu
2026CE1363,Student_Name_363,CE,3,CE101,student363@college.edu
2026CE1364,Student_Name_364,CE,4,CE101,student364@college.edu
2026CS1365,Student_Name_365,CS,2,CS401,student365@college.edu
2026IT1366,Student_Name_366,IT,3,IT302,student366@college.edu
2026ME1367,Student_Name_367,ME,4,ME205,student367@college.edu
2026IT1368,Student_Name_368,IT,4,IT302,student368@college.edu
2026EE1369,Student_Name_369,EE,3,EE408,student369@college.edu
2026IT1370,Student_Name_370,IT,1,IT302,student370@college.edu
2026ME1371,Student_Name_371,ME,1,ME205,student371@college.edu
2026CE1372,Student_Name_372,CE,4,CE101,student372@college.edu
2026ME1373,Student_Name_373,ME,2,ME205,student373@college.edu
2026ME1374,Student_Name_374,ME,1,ME205,student374@college.edu
2026EE1375,Student_Name_375,EE,4,EE408,student375@college.edu
2026CE1376,Student_Name_376,CE,2,CE101,student376@college.edu
2026CE1377,Student_Name_377,CE,1,CE101,student377@college.edu
2026IT1378,Student_Name_378,IT,4,IT302,student378@college.edu
2026CE1379,Student_Name_379,CE,2,CE101,student379@college.edu
2026IT1380,Student_Name_380,IT,4,IT302,student380@college.edu
2026IT1381,Student_Name_381,IT,4,IT302,student381@college.edu
2026ME1382,Student_Name_382,ME,4,ME205,student382@college.edu
2026EE1383,Student_Name_383,EE,2,EE408,student383@college.edu
2026ME1384,Student_Name_384,ME,1,ME205,student384@college.edu
2026EE1385,Student_Name_385,EE,2,EE408,student385@college.edu
2026CS1386,Student_Name_386,CS,3,CS401,student386@college.edu
2026CE1387,Student_Name_387,CE,1,CE101,student387@college.edu
2026ME1388,Student_Name_388,ME,3,ME205,student388@college.edu
2026ME1389,Student_Name_389,ME,4,ME205,student389@college.edu
2026EE1390,Student_Name_390,EE,1,EE408,student390@college.edu
2026ME1391,Student_Name_391,ME,2,ME205,student391@college.edu
2026CS1392,Student_Name_392,CS,1,CS401,student392@college.edu
2026CE1393,Student_Name_393,CE,2,CE101,student393@college.edu
2026ME1394,Student_Name_394,ME,3,ME205,student394@college.edu
2026EE1395,Student_Name_395,EE,1,EE408,student395@college.edu
2026CS1396,Student_Name_396,CS,2,CS401,student396@college.edu
2026EE1397,Student_Name_397,EE,3,EE408,student397@college.edu
2026EE1398,Student_Name_398,EE,4,EE408,student398@college.edu
2026CE1399,Student_Name_399,CE,2,CE101,student399@college.edu
2026EE1400,Student_Name_400,EE,1,EE408,student400@college.edu
2026CE1401,Student_Name_401,CE,3,CE101,student401@college.edu
2026CS1402,Student_Name_402,CS,4,CS401,student402@college.edu
2026CS1403,Student_Name_403,CS,1,CS401,student403@college.edu
2026EE1404,Student_Name_404,EE,4,EE408,student404@college.edu
2026CS1405,Student_Name_405,CS,2,CS401,student405@college.edu
2026CS1406,Student_Name_406,CS,4,CS401,student406@college.edu
2026ME1407,Student_Name_407,ME,4,ME205,student407@college.edu
2026ME1408,Student_Name_408,ME,2,ME205,student408@college.edu
2026CS1409,Student_Name_409,CS,4,CS401,student409@college.edu
2026CS1410,Student_Name_410,CS,3,CS401,student410@college.edu
2026CE1411,Student_Name_411,CE,2,CE101,student411@college.edu
2026CS1412,Student_Name_412,CS,1,CS401,student412@college.edu
2026CS1413,Student_Name_413,CS,4,CS401,student413@college.edu
2026IT1414,Student_Name_414,IT,3,IT302,student414@college.edu
2026ME1415,Student_Name_415,ME,3,ME205,student415@college.edu
2026CS1416,Student_Name_416,CS,3,CS401,student416@college.edu
2026CE1417,Student_Name_417,CE,4,CE101,student417@college.edu
2026IT1418,Student_Name_418,IT,4,IT302,student418@college.edu
2026EE1419,Student_Name_419,EE,1,EE408,student419@college.edu
2026ME1420,Student_Name_420,ME,2,ME205,student420@college.edu
2026EE1421,Student_Name_421,EE,3,EE408,student421@college.edu
2026IT1422,Student_Name_422,IT,3,IT302,student422@college.edu
2026IT1423,Student_Name_423,IT,3,IT302,student423@college.edu
2026IT1424,Student_Name_424,IT,4,IT302,student424@college.edu
2026CS1425,Student_Name_425,CS,1,CS401,student425@college.edu
2026ME1426,Student_Name_426,ME,4,ME205,student426@college.edu
2026CS1427,Student_Name_427,CS,4,CS401,student427@college.edu
2026CE1428,Student_Name_428,CE,1,CE101,student428@college.edu
2026CS1429,Student_Name_429,CS,1,CS401,student429@college.edu
2026ME1430,Student_Name_430,ME,4,ME205,student430@college.edu
2026EE1431,Student_Name_431,EE,4,EE408,student431@college.edu
2026ME1432,Student_Name_432,ME,3,ME205,student432@college.edu
2026ME1433,Student_Name_433,ME,4,ME205,student433@college.edu
2026IT1434,Student_Name_434,IT,2,IT302,student434@college.edu
2026CS1435,Student_Name_435,CS,3,CS401,student435@college.edu
2026IT1436,Student_Name_436,IT,4,IT302,student436@college.edu
2026CE1437,Student_Name_437,CE,2,CE101,student437@college.edu
2026CE1438,Student_Name_438,CE,3,CE101,student438@college.edu
2026CS1439,Student_Name_439,CS,1,CS401,student439@college.edu
2026EE1440,Student_Name_440,EE,2,EE408,student440@college.edu
2026ME1441,Student_Name_441,ME,1,ME205,student441@college.edu
2026ME1442,Student_Name_442,ME,1,ME205,student442@college.edu
2026CS1443,Student_Name_443,CS,4,CS401,student443@college.edu
2026IT1444,Student_Name_444,IT,3,IT302,student444@college.edu
2026CS1445,Student_Name_445,CS,1,CS401,student445@college.edu
2026CE1446,Student_Name_446,CE,4,CE101,student446@college.edu
2026EE1447,Student_Name_447,EE,1,EE408,student447@college.edu
2026ME1448,Student_Name_448,ME,3,ME205,student448@college.edu
2026IT1449,Student_Name_449,IT,3,IT302,student449@college.edu
2026ME1450,Student_Name_450,ME,2,ME205,student450@college.edu
2026CE1451,Student_Name_451,CE,2,CE101,student451@college.edu
2026CE1452,Student_Name_452,CE,2,CE101,student452@college.edu
2026ME1453,Student_Name_453,ME,4,ME205,student453@college.edu
2026ME1454,Student_Name_454,ME,1,ME205,student454@college.edu
2026EE1455,Student_Name_455,EE,1,EE408,student455@college.edu
2026CE1456,Student_Name_456,CE,3,CE101,student456@college.edu
2026CS1457,Student_Name_457,CS,1,CS401,student457@college.edu
2026IT1458,Student_Name_458,IT,4,IT302,student458@college.edu
2026EE1459,Student_Name_459,EE,3,EE408,student459@college.edu
2026EE1460,Student_Name_460,EE,2,EE408,student460@college.edu
2026CE1461,Student_Name_461,CE,4,CE101,student461@college.edu
2026IT1462,Student_Name_462,IT,4,IT302,student462@college.edu
2026CS1463,Student_Name_463,CS,3,CS401,student463@college.edu
2026CE1464,Student_Name_464,CE,2,CE101,student464@college.edu
2026IT1465,Student_Name_465,IT,4,IT302,student465@college.edu
2026IT1466,Student_Name_466,IT,3,IT302,student466@college.edu
2026CS1467,Student_Name_467,CS,4,CS401,student467@college.edu
2026EE1468,Student_Name_468,EE,4,EE408,student468@college.edu
2026CE1469,Student_Name_469,CE,3,CE101,student469@college.edu
2026IT1470,Student_Name_470,IT,1,IT302,student470@college.edu
2026EE1471,Student_Name_471,EE,1,EE408,student471@college.edu
2026ME1472,Student_Name_472,ME,1,ME205,student472@college.edu
2026CE1473,Student_Name_473,CE,3,CE101,student473@college.edu
2026CS1474,Student_Name_474,CS,3,CS401,student474@college.edu
2026CE1475,Student_Name_475,CE,1,CE101,student475@college.edu
2026CE1476,Student_Name_476,CE,1,CE101,student476@college.edu
2026CE1477,Student_Name_477,CE,3,CE101,student477@college.edu
2026ME1478,Student_Name_478,ME,1,ME205,student478@college.edu
2026IT1479,Student_Name_479,IT,4,IT302,student479@college.edu
2026CS1480,Student_Name_480,CS,4,CS401,student480@college.edu
2026EE1481,Student_Name_481,EE,2,EE408,student481@college.edu
2026CE1482,Student_Name_482,CE,1,CE101,student482@college.edu
2026CE1483,Student_Name_483,CE,1,CE101,student483@college.edu
2026CS1484,Student_Name_484,CS,2,CS401,student484@college.edu
2026CS1485,Student_Name_485,CS,3,CS401,student485@college.edu
2026CE1486,Student_Name_486,CE,3,CE101,student486@college.edu
2026IT1487,Student_Name_487,IT,3,IT302,student487@college.edu
2026ME1488,Student_Name_488,ME,1,ME205,student488@college.edu
2026ME1489,Student_Name_489,ME,2,ME205,student489@college.edu
2026ME1490,Student_Name_490,ME,2,ME205,student490@college.edu
2026ME1491,Student_Name_491,ME,2,ME205,student491@college.edu
2026IT1492,Student_Name_492,IT,1,IT302,student492@college.edu
2026CS1493,Student_Name_493,CS,3,CS401,student493@college.edu
2026EE1494,Student_Name_494,EE,1,EE408,student494@college.edu
2026CE1495,Student_Name_495,CE,1,CE101,student495@college.edu
2026IT1496,Student_Name_496,IT,4,IT302,student496@college.edu
2026CS1497,Student_Name_497,CS,2,CS401,student497@college.edu
2026ME1498,Student_Name_498,ME,1,ME205,student498@college.edu
2026EE1499,Student_Name_499,EE,4,EE408,student499@college.edu
2026EE1500,Student_Name_500,EE,1,EE408,student500@college.edu
2026CS1501,Student_Name_501,CS,3,CS401,student501@college.edu
2026CE1502,Student_Name_502,CE,1,CE101,student502@college.edu
2026IT1503,Student_Name_503,IT,4,IT302,student503@college.edu
2026ME1504,Student_Name_504,ME,1,ME205,student504@college.edu
2026CS1505,Student_Name_505,CS,2,CS401,student505@college.edu
2026ME1506,Student_Name_506,ME,3,ME205,student506@college.edu
2026CS1507,Student_Name_507,CS,1,CS401,student507@college.edu
2026EE1508,Student_Name_508,EE,2,EE408,student508@college.edu
2026CS1509,Student_Name_509,CS,1,CS401,student509@college.edu
2026EE1510,Student_Name_510,EE,1,EE408,student510@college.edu
2026CE1511,Student_Name_511,CE,4,CE101,student511@college.edu
2026CS1512,Student_Name_512,CS,3,CS401,student512@college.edu
2026CS1513,Student_Name_513,CS,2,CS401,student513@college.edu
2026IT1514,Student_Name_514,IT,3,IT302,student514@college.edu
2026IT1515,Student_Name_515,IT,4,IT302,student515@college.edu
2026CS1516,Student_Name_516,CS,3,CS401,student516@college.edu
2026EE1517,Student_Name_517,EE,4,EE408,student517@college.edu
2026ME1518,Student_Name_518,ME,3,ME205,student518@college.edu
2026IT1519,Student_Name_519,IT,1,IT302,student519@college.edu
2026IT1520,Student_Name_520,IT,1,IT302,student520@college.edu
2026EE1521,Student_Name_521,EE,2,EE408,student521@college.edu
2026CS1522,Student_Name_522,CS,1,CS401,student522@college.edu
2026EE1523,Student_Name_523,EE,4,EE408,student523@college.edu
2026EE1524,Student_Name_524,EE,4,EE408,student524@college.edu
2026ME1525,Student_Name_525,ME,4,ME205,student525@college.edu
2026ME1526,Student_Name_526,ME,2,ME205,student526@college.edu
2026IT1527,Student_Name_527,IT,1,IT302,student527@college.edu
2026ME1528,Student_Name_528,ME,3,ME205,student528@college.edu
2026ME1529,Student_Name_529,ME,1,ME205,student529@college.edu
2026IT1530,Student_Name_530,IT,3,IT302,student530@college.edu
2026IT1531,Student_Name_531,IT,3,IT302,student531@college.edu
2026IT1532,Student_Name_532,IT,2,IT302,student532@college.edu
2026CE1533,Student_Name_533,CE,2,CE101,student533@college.edu
2026ME1534,Student_Name_534,ME,4,ME205,student534@college.edu
2026CS1535,Student_Name_535,CS,1,CS401,student535@college.edu
2026EE1536,Student_Name_536,EE,3,EE408,student536@college.edu
2026IT1537,Student_Name_537,IT,2,IT302,student537@college.edu
2026CS1538,Student_Name_538,CS,3,CS401,student538@college.edu
2026CE1539,Student_Name_539,CE,2,CE101,student539@college.edu
2026ME1540,Student_Name_540,ME,4,ME205,student540@college.edu
2026CS1541,Student_Name_541,CS,4,CS401,student541@college.edu
2026ME1542,Student_Name_542,ME,2,ME205,student542@college.edu
2026ME1543,Student_Name_543,ME,2,ME205,student543@college.edu
2026EE1544,Student_Name_544,EE,4,EE408,student544@college.edu
2026EE1545,Student_Name_545,EE,2,EE408,student545@college.edu
2026EE1546,Student_Name_546,EE,1,EE408,student546@college.edu
2026IT1547,Student_Name_547,IT,3,IT302,student547@college.edu
2026IT1548,Student_Name_548,IT,1,IT302,student548@college.edu
2026IT1549,Student_Name_549,IT,2,IT302,student549@college.edu
2026ME1550,Student_Name_550,ME,4,ME205,student550@college.edu
2026EE1551,Student_Name_551,EE,3,EE408,student551@college.edu
2026IT1552,Student_Name_552,IT,1,IT302,student552@college.edu
2026CS1553,Student_Name_553,CS,4,CS401,student553@college.edu
2026CE1554,Student_Name_554,CE,4,CE101,student554@college.edu
2026IT1555,Student_Name_555,IT,3,IT302,student555@college.edu
2026ME1556,Student_Name_556,ME,1,ME205,student556@college.edu
2026CE1557,Student_Name_557,CE,1,CE101,student557@college.edu
2026EE1558,Student_Name_558,EE,3,EE408,student558@college.edu
2026ME1559,Student_Name_559,ME,1,ME205,student559@college.edu
2026ME1560,Student_Name_560,ME,2,ME205,student560@college.edu
2026ME1561,Student_Name_561,ME,1,ME205,student561@college.edu
2026ME1562,Student_Name_562,ME,2,ME205,student562@college.edu
2026CS1563,Student_Name_563,CS,1,CS401,student563@college.edu
2026IT1564,Student_Name_564,IT,4,IT302,student564@college.edu
2026CS1565,Student_Name_565,CS,1,CS401,student565@college.edu
2026IT1566,Student_Name_566,IT,2,IT302,student566@college.edu
2026CE1567,Student_Name_567,CE,4,CE101,student567@college.edu
2026CS1568,Student_Name_568,CS,4,CS401,student568@college.edu
2026IT1569,Student_Name_569,IT,1,IT302,student569@college.edu
2026EE1570,Student_Name_570,EE,2,EE408,student570@college.edu
2026CE1571,Student_Name_571,CE,1,CE101,student571@college.edu
2026CE1572,Student_Name_572,CE,3,CE101,student572@college.edu
2026CE1573,Student_Name_573,CE,3,CE101,student573@college.edu
2026CE1574,Student_Name_574,CE,2,CE101,student574@college.edu
2026ME1575,Student_Name_575,ME,2,ME205,student575@college.edu
2026EE1576,Student_Name_576,EE,2,EE408,student576@college.edu
2026ME1577,Student_Name_577,ME,3,ME205,student577@college.edu
2026ME1578,Student_Name_578,ME,1,ME205,student578@college.edu
2026CS1579,Student_Name_579,CS,4,CS401,student579@college.edu
2026EE1580,Student_Name_580,EE,2,EE408,student580@college.edu
2026CE1581,Student_Name_581,CE,1,CE101,student581@college.edu
2026EE1582,Student_Name_582,EE,1,EE408,student582@college.edu
2026CS1583,Student_Name_583,CS,4,CS401,student583@college.edu
2026CE1584,Student_Name_584,CE,3,CE101,student584@college.edu
2026IT1585,Student_Name_585,IT,2,IT302,student585@college.edu
2026CS1586,Student_Name_586,CS,3,CS401,student586@college.edu
2026CS1587,Student_Name_587,CS,1,CS401,student587@college.edu
2026ME1588,Student_Name_588,ME,4,ME205,student588@college.edu
2026CS1589,Student_Name_589,CS,4,CS401,student589@college.edu
2026IT1590,Student_Name_590,IT,2,IT302,student590@college.edu
2026EE1591,Student_Name_591,EE,4,EE408,student591@college.edu
2026IT1592,Student_Name_592,IT,2,IT302,student592@college.edu
2026IT1593,Student_Name_593,IT,3,IT302,student593@college.edu
2026IT1594,Student_Name_594,IT,1,IT302,student594@college.edu
2026CE1595,Student_Name_595,CE,2,CE101,student595@college.edu
2026IT1596,Student_Name_596,IT,3,IT302,student596@college.edu
2026CE1597,Student_Name_597,CE,3,CE101,student597@college.edu
2026CE1598,Student_Name_598,CE,2,CE101,student598@college.edu
2026IT1599,Student_Name_599,IT,3,IT302,student599@college.edu
2026IT1600,Student_Name_600,IT,4,IT302,student600@college.edu
2026ME1601,Student_Name_601,ME,3,ME205,student601@college.edu
2026ME1602,Student_Name_602,ME,3,ME205,student602@college.edu
2026IT1603,Student_Name_603,IT,1,IT302,student603@college.edu
2026CE1604,Student_Name_604,CE,2,CE101,student604@college.edu
2026CS1605,Student_Name_605,CS,4,CS401,student605@college.edu
2026CE1606,Student_Name_606,CE,4,CE101,student606@college.edu
2026CS1607,Student_Name_607,CS,2,CS401,student607@college.edu
2026IT1608,Student_Name_608,IT,2,IT302,student608@college.edu
2026CS1609,Student_Name_609,CS,3,CS401,student609@college.edu
2026EE1610,Student_Name_610,EE,2,EE408,student610@college.edu
2026IT1611,Student_Name_611,IT,4,IT302,student611@college.edu
2026CS1612,Student_Name_612,CS,1,CS401,student612@college.edu
2026CS1613,Student_Name_613,CS,4,CS401,student613@college.edu
2026CS1614,Student_Name_614,CS,2,CS401,student614@college.edu
2026CE1615,Student_Name_615,CE,3,CE101,student615@college.edu
2026ME1616,Student_Name_616,ME,2,ME205,student616@college.edu
2026CE1617,Student_Name_617,CE,1,CE101,student617@college.edu
2026EE1618,Student_Name_618,EE,3,EE408,student618@college.edu
2026CS1619,Student_Name_619,CS,1,CS401,student619@college.edu
2026CS1620,Student_Name_620,CS,2,CS401,student620@college.edu
2026CS1621,Student_Name_621,CS,3,CS401,student621@college.edu
2026ME1622,Student_Name_622,ME,3,ME205,student622@college.edu
2026EE1623,Student_Name_623,EE,1,EE408,student623@college.edu
2026ME1624,Student_Name_624,ME,2,ME205,student624@college.edu
2026CS1625,Student_Name_625,CS,1,CS401,student625@college.edu
2026CS1626,Student_Name_626,CS,4,CS401,student626@college.edu
2026CS1627,Student_Name_627,CS,2,CS401,student627@college.edu
2026IT1628,Student_Name_628,IT,4,IT302,student628@college.edu
2026CS1629,Student_Name_629,CS,1,CS401,student629@college.edu
2026ME1630,Student_Name_630,ME,3,ME205,student630@college.edu
2026ME1631,Student_Name_631,ME,3,ME205,student631@college.edu
2026ME1632,Student_Name_632,ME,3,ME205,student632@college.edu
2026ME1633,Student_Name_633,ME,1,ME205,student633@college.edu
2026IT1634,Student_Name_634,IT,3,IT302,student634@college.edu
2026ME1635,Student_Name_635,ME,4,ME205,student635@college.edu
2026CE1636,Student_Name_636,CE,4,CE101,student636@college.edu
2026EE1637,Student_Name_637,EE,3,EE408,student637@college.edu
2026IT1638,Student_Name_638,IT,2,IT302,student638@college.edu
2026EE1639,Student_Name_639,EE,2,EE408,student639@college.edu
2026EE1640,Student_Name_640,EE,1,EE408,student640@college.edu
2026IT1641,Student_Name_641,IT,3,IT302,student641@college.edu
2026CE1642,Student_Name_642,CE,1,CE101,student642@college.edu
2026CE1643,Student_Name_643,CE,4,CE101,student643@college.edu
2026EE1644,Student_Name_644,EE,1,EE408,student644@college.edu
2026ME1645,Student_Name_645,ME,3,ME205,student645@college.edu
2026CE1646,Student_Name_646,CE,1,CE101,student646@college.edu
2026EE1647,Student_Name_647,EE,1,EE408,student647@college.edu
2026EE1648,Student_Name_648,EE,3,EE408,student648@college.edu
2026CS1649,Student_Name_649,CS,2,CS401,student649@college.edu
2026CE1650,Student_Name_650,CE,4,CE101,student650@college.edu
2026CE1651,Student_Name_651,CE,2,CE101,student651@college.edu
2026CE1652,Student_Name_652,CE,4,CE101,student652@college.edu
2026EE1653,Student_Name_653,EE,3,EE408,student653@college.edu
2026IT1654,Student_Name_654,IT,3,IT302,student654@college.edu
2026ME1655,Student_Name_655,ME,1,ME205,student655@college.edu
2026CE1656,Student_Name_656,CE,2,CE101,student656@college.edu
2026ME1657,Student_Name_657,ME,2,ME205,student657@college.edu
2026ME1658,Student_Name_658,ME,3,ME205,student658@college.edu
2026IT1659,Student_Name_659,IT,1,IT302,student659@college.edu
2026EE1660,Student_Name_660,EE,2,EE408,student660@college.edu
2026CS1661,Student_Name_661,CS,1,CS401,student661@college.edu
2026CE1662,Student_Name_662,CE,1,CE101,student662@college.edu
2026CE1663,Student_Name_663,CE,4,CE101,student663@college.edu
2026EE1664,Student_Name_664,EE,3,EE408,student664@college.edu
2026ME1665,Student_Name_665,ME,3,ME205,student665@college.edu
2026CE1666,Student_Name_666,CE,4,CE101,student666@college.edu
2026EE1667,Student_Name_667,EE,4,EE408,student667@college.edu
2026EE1668,Student_Name_668,EE,1,EE408,student668@college.edu
2026CS1669,Student_Name_669,CS,1,CS401,student669@college.edu
2026CE1670,Student_Name_670,CE,4,CE101,student670@college.edu
2026IT1671,Student_Name_671,IT,3,IT302,student671@college.edu
2026CS1672,Student_Name_672,CS,1,CS401,student672@college.edu
2026ME1673,Student_Name_673,ME,4,ME205,student673@college.edu
2026CE1674,Student_Name_674,CE,3,CE101,student674@college.edu
2026CS1675,Student_Name_675,CS,3,CS401,student675@college.edu
2026CS1676,Student_Name_676,CS,2,CS401,student676@college.edu
2026EE1677,Student_Name_677,EE,2,EE408,student677@college.edu
2026CS1678,Student_Name_678,CS,1,CS401,student678@college.edu
2026EE1679,Student_Name_679,EE,1,EE408,student679@college.edu
2026CE1680,Student_Name_680,CE,4,CE101,student680@college.edu
2026EE1681,Student_Name_681,EE,2,EE408,student681@college.edu
2026ME1682,Student_Name_682,ME,3,ME205,student682@college.edu
2026IT1683,Student_Name_683,IT,2,IT302,student683@college.edu
2026ME1684,Student_Name_684,ME,1,ME205,student684@college.edu
2026EE1685,Student_Name_685,EE,2,EE408,student685@college.edu
2026CS1686,Student_Name_686,CS,3,CS401,student686@college.edu
2026CE1687,Student_Name_687,CE,1,CE101,student687@college.edu
2026IT1688,Student_Name_688,IT,3,IT302,student688@college.edu
2026IT1689,Student_Name_689,IT,1,IT302,student689@college.edu
2026CS1690,Student_Name_690,CS,2,CS401,student690@college.edu
2026CS1691,Student_Name_691,CS,2,CS401,student691@college.edu
2026IT1692,Student_Name_692,IT,3,IT302,student692@college.edu
2026EE1693,Student_Name_693,EE,2,EE408,student693@college.edu
2026ME1694,Student_Name_694,ME,4,ME205,student694@college.edu
2026IT1695,Student_Name_695,IT,2,IT302,student695@college.edu
2026ME1696,Student_Name_696,ME,3,ME205,student696@college.edu
2026ME1697,Student_Name_697,ME,3,ME205,student697@college.edu
2026CE1698,Student_Name_698,CE,1,CE101,student698@college.edu
2026IT1699,Student_Name_699,IT,4,IT302,student699@college.edu
2026ME1700,Student_Name_700,ME,3,ME205,student700@college.edu
2026ME1701,Student_Name_701,ME,3,ME205,student701@college.edu
2026CE1702,Student_Name_702,CE,3,CE101,student702@college.edu
2026ME1703,Student_Name_703,ME,2,ME205,student703@college.edu
2026EE1704,Student_Name_704,EE,2,EE408,student704@college.edu
2026IT1705,Student_Name_705,IT,4,IT302,student705@college.edu
2026IT1706,Student_Name_706,IT,2,IT302,student706@college.edu
2026CE1707,Student_Name_707,CE,2,CE101,student707@college.edu
2026CE1708,Student_Name_708,CE,3,CE101,student708@college.edu
2026IT1709,Student_Name_709,IT,1,IT302,student709@college.edu
2026CS1710,Student_Name_710,CS,4,CS401,student710@college.edu
2026IT1711,Student_Name_711,IT,4,IT302,student711@college.edu
2026CE1712,Student_Name_712,CE,4,CE101,student712@college.edu
2026CE1713,Student_Name_713,CE,4,CE101,student713@college.edu
2026IT1714,Student_Name_714,IT,1,IT302,student714@college.edu
2026ME1715,Student_Name_715,ME,3,ME205,student715@college.edu
2026ME1716,Student_Name_716,ME,3,ME205,student716@college.edu
2026CS1717,Student_Name_717,CS,1,CS401,student717@college.edu
2026CS1718,Student_Name_718,CS,3,CS401,student718@college.edu
2026ME1719,Student_Name_719,ME,4,ME205,student719@college.edu
2026CE1720,Student_Name_720,CE,4,CE101,student720@college.edu
2026EE1721,Student_Name_721,EE,4,EE408,student721@college.edu
2026ME1722,Student_Name_722,ME,2,ME205,student722@college.edu
2026ME1723,Student_Name_723,ME,3,ME205,student723@college.edu
2026IT1724,Student_Name_724,IT,3,IT302,student724@college.edu
2026CS1725,Student_Name_725,CS,4,CS401,student725@college.edu
2026EE1726,Student_Name_726,EE,2,EE408,student726@college.edu
2026EE1727,Student_Name_727,EE,2,EE408,student727@college.edu
2026IT1728,Student_Name_728,IT,1,IT302,student728@college.edu
2026IT1729,Student_Name_729,IT,2,IT302,student729@college.edu
2026ME1730,Student_Name_730,ME,4,ME205,student730@college.edu
2026EE1731,Student_Name_731,EE,1,EE408,student731@college.edu
2026CS1732,Student_Name_732,CS,3,CS401,student732@college.edu
2026EE1733,Student_Name_733,EE,4,EE408,student733@college.edu
2026CE1734,Student_Name_734,CE,1,CE101,student734@college.edu
2026CE1735,Student_Name_735,CE,4,CE101,student735@college.edu
2026CE1736,Student_Name_736,CE,2,CE101,student736@college.edu
2026IT1737,Student_Name_737,IT,2,IT302,student737@college.edu
2026EE1738,Student_Name_738,EE,2,EE408,student738@college.edu
2026IT1739,Student_Name_739,IT,1,IT302,student739@college.edu
2026IT1740,Student_Name_740,IT,2,IT302,student740@college.edu
2026IT1741,Student_Name_741,IT,4,IT302,student741@college.edu
2026EE1742,Student_Name_742,EE,3,EE408,student742@college.edu
2026CS1743,Student_Name_743,CS,2,CS401,student743@college.edu
2026CS1744,Student_Name_744,CS,1,CS401,student744@college.edu
2026ME1745,Student_Name_745,ME,3,ME205,student745@college.edu
2026IT1746,Student_Name_746,IT,4,IT302,student746@college.edu
2026ME1747,Student_Name_747,ME,2,ME205,student747@college.edu
2026IT1748,Student_Name_748,IT,3,IT302,student748@college.edu
2026CE1749,Student_Name_749,CE,3,CE101,student749@college.edu
2026CS1750,Student_Name_750,CS,1,CS401,student750@college.edu
2026CE1751,Student_Name_751,CE,4,CE101,student751@college.edu
2026IT1752,Student_Name_752,IT,1,IT302,student752@college.edu
2026EE1753,Student_Name_753,EE,3,EE408,student753@college.edu
2026ME1754,Student_Name_754,ME,2,ME205,student754@college.edu
2026IT1755,Student_Name_755,IT,1,IT302,student755@college.edu
2026IT1756,Student_Name_756,IT,3,IT302,student756@college.edu
2026CE1757,Student_Name_757,CE,4,CE101,student757@college.edu
2026EE1758,Student_Name_758,EE,3,EE408,student758@college.edu
2026ME1759,Student_Name_759,ME,1,ME205,student759@college.edu
2026ME1760,Student_Name_760,ME,4,ME205,student760@college.edu
2026ME1761,Student_Name_761,ME,1,ME205,student761@college.edu
2026ME1762,Student_Name_762,ME,4,ME205,student762@college.edu
2026CS1763,Student_Name_763,CS,1,CS401,student763@college.edu
2026CS1764,Student_Name_764,CS,4,CS401,student764@college.edu
2026ME1765,Student_Name_765,ME,1,ME205,student765@college.edu
2026IT1766,Student_Name_766,IT,3,IT302,student766@college.edu
2026EE1767,Student_Name_767,EE,1,EE408,student767@college.edu
2026IT1768,Student_Name_768,IT,4,IT302,student768@college.edu
2026EE1769,Student_Name_769,EE,2,EE408,student769@college.edu
2026CS1770,Student_Name_770,CS,3,CS401,student770@college.edu
2026CS1771,Student_Name_771,CS,2,CS401,student771@college.edu
2026CE1772,Student_Name_772,CE,3,CE101,student772@college.edu
2026CE1773,Student_Name_773,CE,3,CE101,student773@college.edu
2026CE1774,Student_Name_774,CE,4,CE101,student774@college.edu
2026ME1775,Student_Name_775,ME,3,ME205,student775@college.edu
2026IT1776,Student_Name_776,IT,1,IT302,student776@college.edu
2026IT1777,Student_Name_777,IT,2,IT302,student777@college.edu
2026CE1778,Student_Name_778,CE,4,CE101,student778@college.edu
2026EE1779,Student_Name_779,EE,2,EE408,student779@college.edu
2026EE1780,Student_Name_780,EE,1,EE408,student780@college.edu
2026CS1781,Student_Name_781,CS,3,CS401,student781@college.edu
2026CS1782,Student_Name_782,CS,1,CS401,student782@college.edu
2026IT1783,Student_Name_783,IT,3,IT302,student783@college.edu
2026CE1784,Student_Name_784,CE,3,CE101,student784@college.edu
2026CE1785,Student_Name_785,CE,3,CE101,student785@college.edu
2026ME1786,Student_Name_786,ME,3,ME205,student786@college.edu
2026IT1787,Student_Name_787,IT,3,IT302,student787@college.edu
2026CS1788,Student_Name_788,CS,1,CS401,student788@college.edu
2026CE1789,Student_Name_789,CE,2,CE101,student789@college.edu
2026CE1790,Student_Name_790,CE,4,CE101,student790@college.edu
2026CS1791,Student_Name_791,CS,4,CS401,student791@college.edu
2026EE1792,Student_Name_792,EE,1,EE408,student792@college.edu
2026CS1793,Student_Name_793,CS,4,CS401,student793@college.edu
2026ME1794,Student_Name_794,ME,4,ME205,student794@college.edu
2026CS1795,Student_Name_795,CS,1,CS401,student795@college.edu
2026IT1796,Student_Name_796,IT,3,IT302,student796@college.edu
2026ME1797,Student_Name_797,ME,3,ME205,student797@college.edu
2026ME1798,Student_Name_798,ME,3,ME205,student798@college.edu
2026CS1799,Student_Name_799,CS,2,CS401,student799@college.edu
2026ME1800,Student_Name_800,ME,2,ME205,student800@college.edu
2026ME1801,Student_Name_801,ME,4,ME205,student801@college.edu
2026CE1802,Student_Name_802,CE,2,CE101,student802@college.edu
2026CE1803,Student_Name_803,CE,3,CE101,student803@college.edu
2026EE1804,Student_Name_804,EE,1,EE408,student804@college.edu
2026EE1805,Student_Name_805,EE,1,EE408,student805@college.edu
2026CS1806,Student_Name_806,CS,4,CS401,student806@college.edu
2026IT1807,Student_Name_807,IT,4,IT302,student807@college.edu
2026CS1808,Student_Name_808,CS,2,CS401,student808@college.edu
2026CE1809,Student_Name_809,CE,2,CE101,student809@college.edu
2026IT1810,Student_Name_810,IT,4,IT302,student810@college.edu
2026ME1811,Student_Name_811,ME,4,ME205,student811@college.edu
2026ME1812,Student_Name_812,ME,3,ME205,student812@college.edu
2026CS1813,Student_Name_813,CS,3,CS401,student813@college.edu
2026ME1814,Student_Name_814,ME,4,ME205,student814@college.edu
2026CE1815,Student_Name_815,CE,3,CE101,student815@college.edu
2026EE1816,Student_Name_816,EE,2,EE408,student816@college.edu
2026EE1817,Student_Name_817,EE,1,EE408,student817@college.edu
2026ME1818,Student_Name_818,ME,3,ME205,student818@college.edu
2026CE1819,Student_Name_819,CE,4,CE101,student819@college.edu
2026IT1820,Student_Name_820,IT,1,IT302,student820@college.edu
2026ME1821,Student_Name_821,ME,3,ME205,student821@college.edu
2026ME1822,Student_Name_822,ME,3,ME205,student822@college.edu
2026CS1823,Student_Name_823,CS,2,CS401,student823@college.edu
2026CE1824,Student_Name_824,CE,1,CE101,student824@college.edu
2026EE1825,Student_Name_825,EE,4,EE408,student825@college.edu
2026EE1826,Student_Name_826,EE,4,EE408,student826@college.edu
2026CE1827,Student_Name_827,CE,3,CE101,student827@college.edu
2026IT1828,Student_Name_828,IT,4,IT302,student828@college.edu
2026EE1829,Student_Name_829,EE,3,EE408,student829@college.edu
2026EE1830,Student_Name_830,EE,3,EE408,student830@college.edu
2026EE1831,Student_Name_831,EE,2,EE408,student831@college.edu
2026IT1832,Student_Name_832,IT,3,IT302,student832@college.edu
2026CE1833,Student_Name_833,CE,3,CE101,student833@college.edu
2026CE1834,Student_Name_834,CE,4,CE101,student834@college.edu
2026CE1835,Student_Name_835,CE,2,CE101,student835@college.edu
2026EE1836,Student_Name_836,EE,1,EE408,student836@college.edu
2026IT1837,Student_Name_837,IT,3,IT302,student837@college.edu
2026IT1838,Student_Name_838,IT,1,IT302,student838@college.edu
2026EE1839,Student_Name_839,EE,4,EE408,student839@college.edu
2026CE1840,Student_Name_840,CE,2,CE101,student840@college.edu
2026CS1841,Student_Name_841,CS,4,CS401,student841@college.edu
2026CE1842,Student_Name_842,CE,4,CE101,student842@college.edu
2026EE1843,Student_Name_843,EE,2,EE408,student843@college.edu
2026EE1844,Student_Name_844,EE,2,EE408,student844@college.edu
2026CS1845,Student_Name_845,CS,4,CS401,student845@college.edu
2026ME1846,Student_Name_846,ME,3,ME205,student846@college.edu
2026IT1847,Student_Name_847,IT,4,IT302,student847@college.edu
2026CS1848,Student_Name_848,CS,1,CS401,student848@college.edu
2026CE1849,Student_Name_849,CE,3,CE101,student849@college.edu
2026CS1850,Student_Name_850,CS,3,CS401,student850@college.edu
2026EE1851,Student_Name_851,EE,4,EE408,student851@college.edu
2026ME1852,Student_Name_852,ME,2,ME205,student852@college.edu
2026IT1853,Student_Name_853,IT,4,IT302,student853@college.edu
2026CE1854,Student_Name_854,CE,2,CE101,student854@college.edu
2026CE1855,Student_Name_855,CE,3,CE101,student855@college.edu
2026ME1856,Student_Name_856,ME,4,ME205,student856@college.edu
2026EE1857,Student_Name_857,EE,1,EE408,student857@college.edu
2026CS1858,Student_Name_858,CS,4,CS401,student858@college.edu
2026IT1859,Student_Name_859,IT,2,IT302,student859@college.edu
2026CE1860,Student_Name_860,CE,3,CE101,student860@college.edu
2026CE1861,Student_Name_861,CE,4,CE101,student861@college.edu
2026CE1862,Student_Name_862,CE,4,CE101,student862@college.edu
2026ME1863,Student_Name_863,ME,3,ME205,student863@college.edu
2026ME1864,Student_Name_864,ME,4,ME205,student864@college.edu
2026CS1865,Student_Name_865,CS,4,CS401,student865@college.edu
2026EE1866,Student_Name_866,EE,3,EE408,student866@college.edu
2026IT1867,Student_Name_867,IT,4,IT302,student867@college.edu
2026IT1868,Student_Name_868,IT,3,IT302,student868@college.edu
2026IT1869,Student_Name_869,IT,4,IT302,student869@college.edu
2026ME1870,Student_Name_870,ME,4,ME205,student870@college.edu
2026CS1871,Student_Name_871,CS,1,CS401,student871@college.edu
2026ME1872,Student_Name_872,ME,2,ME205,student872@college.edu
2026CE1873,Student_Name_873,CE,1,CE101,student873@college.edu
2026CS1874,Student_Name_874,CS,1,CS401,student874@college.edu
2026CS1875,Student_Name_875,CS,1,CS401,student875@college.edu
2026CE1876,Student_Name_876,CE,3,CE101,student876@college.edu
2026ME1877,Student_Name_877,ME,1,ME205,student877@college.edu
2026CS1878,Student_Name_878,CS,1,CS401,student878@college.edu
2026ME1879,Student_Name_879,ME,1,ME205,student879@college.edu
2026IT1880,Student_Name_880,IT,2,IT302,student880@college.edu
2026CS1881,Student_Name_881,CS,4,CS401,student881@college.edu
2026CE1882,Student_Name_882,CE,4,CE101,student882@college.edu
2026ME1883,Student_Name_883,ME,4,ME205,student883@college.edu
2026ME1884,Student_Name_884,ME,3,ME205,student884@college.edu
2026IT1885,Student_Name_885,IT,3,IT302,student885@college.edu
2026EE1886,Student_Name_886,EE,1,EE408,student886@college.edu
2026IT1887,Student_Name_887,IT,2,IT302,student887@college.edu
2026IT1888,Student_Name_888,IT,4,IT302,student888@college.edu
2026ME1889,Student_Name_889,ME,4,ME205,student889@college.edu
2026EE1890,Student_Name_890,EE,4,EE408,student890@college.edu
2026ME1891,Student_Name_891,ME,2,ME205,student891@college.edu
2026IT1892,Student_Name_892,IT,2,IT302,student892@college.edu
2026ME1893,Student_Name_893,ME,4,ME205,student893@college.edu
2026IT1894,Student_Name_894,IT,3,IT302,student894@college.edu
2026CE1895,Student_Name_895,CE,1,CE101,student895@college.edu
2026CE1896,Student_Name_896,CE,1,CE101,student896@college.edu
2026CE1897,Student_Name_897,CE,3,CE101,student897@college.edu
2026IT1898,Student_Name_898,IT,2,IT302,student898@college.edu
2026EE1899,Student_Name_899,EE,1,EE408,student899@college.edu
2026EE1900,Student_Name_900,EE,2,EE408,student900@college.edu
2026ME1901,Student_Name_901,ME,1,ME205,student901@college.edu
2026CE1902,Student_Name_902,CE,2,CE101,student902@college.edu
2026EE1903,Student_Name_903,EE,1,EE408,student903@college.edu
2026EE1904,Student_Name_904,EE,1,EE408,student904@college.edu
2026CS1905,Student_Name_905,CS,3,CS401,student905@college.edu
2026EE1906,Student_Name_906,EE,1,EE408,student906@college.edu
2026CS1907,Student_Name_907,CS,2,CS401,student907@college.edu
2026CE1908,Student_Name_908,CE,4,CE101,student908@college.edu
2026EE1909,Student_Name_909,EE,3,EE408,student909@college.edu
2026EE1910,Student_Name_910,EE,1,EE408,student910@college.edu
2026IT1911,Student_Name_911,IT,2,IT302,student911@college.edu
2026ME1912,Student_Name_912,ME,1,ME205,student912@college.edu
2026EE1913,Student_Name_913,EE,4,EE408,student913@college.edu
2026IT1914,Student_Name_914,IT,3,IT302,student914@college.edu
2026CE1915,Student_Name_915,CE,1,CE101,student915@college.edu
2026EE1916,Student_Name_916,EE,4,EE408,student916@college.edu
2026CE1917,Student_Name_917,CE,4,CE101,student917@college.edu
2026CS1918,Student_Name_918,CS,3,CS401,student918@college.edu
2026ME1919,Student_Name_919,ME,3,ME205,student919@college.edu
2026CS1920,Student_Name_920,CS,2,CS401,student920@college.edu
2026CE1921,Student_Name_921,CE,3,CE101,student921@college.edu
2026IT1922,Student_Name_922,IT,2,IT302,student922@college.edu
2026CS1923,Student_Name_923,CS,1,CS401,student923@college.edu
2026CS1924,Student_Name_924,CS,3,CS401,student924@college.edu
2026ME1925,Student_Name_925,ME,1,ME205,student925@college.edu
2026CS1926,Student_Name_926,CS,3,CS401,student926@college.edu
2026CS1927,Student_Name_927,CS,1,CS401,student927@college.edu
2026CE1928,Student_Name_928,CE,2,CE101,student928@college.edu
2026IT1929,Student_Name_929,IT,1,IT302,student929@college.edu
2026IT1930,Student_Name_930,IT,3,IT302,student930@college.edu
2026CE1931,Student_Name_931,CE,1,CE101,student931@college.edu
2026IT1932,Student_Name_932,IT,1,IT302,student932@college.edu
2026CE1933,Student_Name_933,CE,1,CE101,student933@college.edu
2026EE1934,Student_Name_934,EE,3,EE408,student934@college.edu
2026EE1935,Student_Name_935,EE,1,EE408,student935@college.edu
2026ME1936,Student_Name_936,ME,1,ME205,student936@college.edu
2026IT1937,Student_Name_937,IT,1,IT302,student937@college.edu
2026CS1938,Student_Name_938,CS,4,CS401,student938@college.edu
2026CS1939,Student_Name_939,CS,2,CS401,student939@college.edu
2026ME1940,Student_Name_940,ME,2,ME205,student940@college.edu
2026ME1941,Student_Name_941,ME,4,ME205,student941@college.edu
2026EE1942,Student_Name_942,EE,3,EE408,student942@college.edu
2026CS1943,Student_Name_943,CS,3,CS401,student943@college.edu
2026EE1944,Student_Name_944,EE,2,EE408,student944@college.edu
2026CE1945,Student_Name_945,CE,1,CE101,student945@college.edu
2026CS1946,Student_Name_946,CS,4,CS401,student946@college.edu
2026CS1947,Student_Name_947,CS,2,CS401,student947@college.edu
2026CS1948,Student_Name_948,CS,4,CS401,student948@college.edu
2026CS1949,Student_Name_949,CS,1,CS401,student949@college.edu
2026CE1950,Student_Name_950,CE,3,CE101,student950@college.edu
2026ME1951,Student_Name_951,ME,3,ME205,student951@college.edu
2026CE1952,Student_Name_952,CE,2,CE101,student952@college.edu
2026IT1953,Student_Name_953,IT,2,IT302,student953@college.edu
2026EE1954,Student_Name_954,EE,1,EE408,student954@college.edu
2026ME1955,Student_Name_955,ME,2,ME205,student955@college.edu
2026ME1956,Student_Name_956,ME,2,ME205,student956@college.edu
2026ME1957,Student_Name_957,ME,1,ME205,student957@college.edu
2026EE1958,Student_Name_958,EE,1,EE408,student958@college.edu
2026IT1959,Student_Name_959,IT,1,IT302,student959@college.edu
2026CE1960,Student_Name_960,CE,3,CE101,student960@college.edu
2026ME1961,Student_Name_961,ME,2,ME205,student961@college.edu
2026EE1962,Student_Name_962,EE,1,EE408,student962@college.edu
2026CE1963,Student_Name_963,CE,3,CE101,student963@college.edu
2026CE1964,Student_Name_964,CE,3,CE101,student964@college.edu
2026EE1965,Student_Name_965,EE,1,EE408,student965@college.edu
2026CS1966,Student_Name_966,CS,3,CS401,student966@college.edu
2026ME1967,Student_Name_967,ME,4,ME205,student967@college.edu
2026IT1968,Student_Name_968,IT,2,IT302,student968@college.edu
2026EE1969,Student_Name_969,EE,4,EE408,student969@college.edu
2026EE1970,Student_Name_970,EE,1,EE408,student970@college.edu
2026EE1971,Student_Name_971,EE,3,EE408,student971@college.edu
2026ME1972,Student_Name_972,ME,2,ME205,student972@college.edu
2026CS1973,Student_Name_973,CS,3,CS401,student973@college.edu
2026CE1974,Student_Name_974,CE,2,CE101,student974@college.edu
2026CE1975,Student_Name_975,CE,1,CE101,student975@college.edu
2026CE1976,Student_Name_976,CE,2,CE101,student976@college.edu
2026EE1977,Student_Name_977,EE,2,EE408,student977@college.edu
2026CS1978,Student_Name_978,CS,3,CS401,student978@college.edu
2026IT1979,Student_Name_979,IT,3,IT302,student979@college.edu
2026CE1980,Student_Name_980,CE,1,CE101,student980@college.edu
2026CE1981,Student_Name_981,CE,3,CE101,student981@college.edu
2026IT1982,Student_Name_982,IT,1,IT302,student982@college.edu
2026CE1983,Student_Name_983,CE,4,CE101,student983@college.edu
2026EE1984,Student_Name_984,EE,3,EE408,student984@college.edu
2026CS1985,Student_Name_985,CS,3,CS401,student985@college.edu
2026CS1986,Student_Name_986,CS,3,CS401,student986@college.edu
2026CE1987,Student_Name_987,CE,1,CE101,student987@college.edu
2026CE1988,Student_Name_988,CE,1,CE101,student988@college.edu
2026CS1989,Student_Name_989,CS,4,CS401,student989@college.edu
2026ME1990,Student_Name_990,ME,3,ME205,student990@college.edu
2026ME1991,Student_Name_991,ME,4,ME205,student991@college.edu
2026EE1992,Student_Name_992,EE,4,EE408,student992@college.edu
2026CE1993,Student_Name_993,CE,3,CE101,student993@college.edu
2026CS1994,Student_Name_994,CS,4,CS401,student994@college.edu
2026IT1995,Student_Name_995,IT,4,IT302,student995@college.edu
2026CS1996,Student_Name_996,CS,1,CS401,student996@college.edu
2026IT1997,Student_Name_997,IT,2,IT302,student997@college.edu
2026EE1998,Student_Name_998,EE,3,EE408,student998@college.edu
2026ME1999,Student_Name_999,ME,2,ME205,student999@college.edu
2026IT2000,Student_Name_1000,IT,4,IT302,student1000@college.edu
2026IT2001,Student_Name_1001,IT,4,IT302,student1001@college.edu
2026CE2002,Student_Name_1002,CE,3,CE101,student1002@college.edu
2026ME2003,Student_Name_1003,ME,3,ME205,student1003@college.edu
2026ME2004,Student_Name_1004,ME,3,ME205,student1004@college.edu
2026IT2005,Student_Name_1005,IT,3,IT302,student1005@college.edu
2026EE2006,Student_Name_1006,EE,3,EE408,student1006@college.edu
2026ME2007,Student_Name_1007,ME,4,ME205,student1007@college.edu
2026EE2008,Student_Name_1008,EE,2,EE408,student1008@college.edu
2026CS2009,Student_Name_1009,CS,1,CS401,student1009@college.edu
2026ME2010,Student_Name_1010,ME,3,ME205,student1010@college.edu
2026EE2011,Student_Name_1011,EE,1,EE408,student1011@college.edu
2026CS2012,Student_Name_1012,CS,1,CS401,student1012@college.edu
2026CS2013,Student_Name_1013,CS,4,CS401,student1013@college.edu
2026CS2014,Student_Name_1014,CS,4,CS401,student1014@college.edu
2026IT2015,Student_Name_1015,IT,2,IT302,student1015@college.edu
2026IT2016,Student_Name_1016,IT,2,IT302,student1016@college.edu
2026CE2017,Student_Name_1017,CE,3,CE101,student1017@college.edu
2026EE2018,Student_Name_1018,EE,3,EE408,student1018@college.edu
2026CE2019,Student_Name_1019,CE,1,CE101,student1019@college.edu
2026CE2020,Student_Name_1020,CE,4,CE101,student1020@college.edu
2026ME2021,Student_Name_1021,ME,3,ME205,student1021@college.edu
2026IT2022,Student_Name_1022,IT,2,IT302,student1022@college.edu
2026CE2023,Student_Name_1023,CE,4,CE101,student1023@college.edu
2026EE2024,Student_Name_1024,EE,3,EE408,student1024@college.edu
2026IT2025,Student_Name_1025,IT,3,IT302,student1025@college.edu
2026ME2026,Student_Name_1026,ME,2,ME205,student1026@college.edu
2026EE2027,Student_Name_1027,EE,3,EE408,student1027@college.edu
2026EE2028,Student_Name_1028,EE,2,EE408,student1028@college.edu
2026CS2029,Student_Name_1029,CS,2,CS401,student1029@college.edu
2026ME2030,Student_Name_1030,ME,4,ME205,student1030@college.edu
2026IT2031,Student_Name_1031,IT,1,IT302,student1031@college.edu
2026IT2032,Student_Name_1032,IT,3,IT302,student1032@college.edu
2026ME2033,Student_Name_1033,ME,3,ME205,student1033@college.edu
2026ME2034,Student_Name_1034,ME,1,ME205,student1034@college.edu
2026EE2035,Student_Name_1035,EE,2,EE408,student1035@college.edu
2026ME2036,Student_Name_1036,ME,2,ME205,student1036@college.edu
2026EE2037,Student_Name_1037,EE,2,EE408,student1037@college.edu
2026EE2038,Student_Name_1038,EE,2,EE408,student1038@college.edu
2026ME2039,Student_Name_1039,ME,2,ME205,student1039@college.edu
2026EE2040,Student_Name_1040,EE,4,EE408,student1040@college.edu
2026IT2041,Student_Name_1041,IT,3,IT302,student1041@college.edu
2026IT2042,Student_Name_1042,IT,3,IT302,student1042@college.edu
2026CS2043,Student_Name_1043,CS,4,CS401,student1043@college.edu
2026IT2044,Student_Name_1044,IT,3,IT302,student1044@college.edu
2026CE2045,Student_Name_1045,CE,2,CE101,student1045@college.edu
2026CS2046,Student_Name_1046,CS,2,CS401,student1046@college.edu
2026CS2047,Student_Name_1047,CS,3,CS401,student1047@college.edu
2026ME2048,Student_Name_1048,ME,4,ME205,student1048@college.edu
2026ME2049,Student_Name_1049,ME,2,ME205,student1049@college.edu
2026ME2050,Student_Name_1050,ME,2,ME205,student1050@college.edu
2026IT2051,Student_Name_1051,IT,4,IT302,student1051@college.edu
2026ME2052,Student_Name_1052,ME,4,ME205,student1052@college.edu
2026ME2053,Student_Name_1053,ME,1,ME205,student1053@college.edu
2026CS2054,Student_Name_1054,CS,1,CS401,student1054@college.edu
2026EE2055,Student_Name_1055,EE,4,EE408,student1055@college.edu
2026EE2056,Student_Name_1056,EE,3,EE408,student1056@college.edu
2026CS2057,Student_Name_1057,CS,1,CS401,student1057@college.edu
2026IT2058,Student_Name_1058,IT,2,IT302,student1058@college.edu
2026CS2059,Student_Name_1059,CS,4,CS401,student1059@college.edu
2026EE2060,Student_Name_1060,EE,3,EE408,student1060@college.edu
2026CS2061,Student_Name_1061,CS,3,CS401,student1061@college.edu
2026CS2062,Student_Name_1062,CS,4,CS401,student1062@college.edu
2026ME2063,Student_Name_1063,ME,1,ME205,student1063@college.edu
2026CE2064,Student_Name_1064,CE,2,CE101,student1064@college.edu
2026ME2065,Student_Name_1065,ME,3,ME205,student1065@college.edu
2026EE2066,Student_Name_1066,EE,1,EE408,student1066@college.edu
2026CS2067,Student_Name_1067,CS,3,CS401,student1067@college.edu
2026CS2068,Student_Name_1068,CS,1,CS401,student1068@college.edu
2026EE2069,Student_Name_1069,EE,1,EE408,student1069@college.edu
2026IT2070,Student_Name_1070,IT,3,IT302,student1070@college.edu
2026IT2071,Student_Name_1071,IT,4,IT302,student1071@college.edu
2026CE2072,Student_Name_1072,CE,2,CE101,student1072@college.edu
2026IT2073,Student_Name_1073,IT,1,IT302,student1073@college.edu
2026EE2074,Student_Name_1074,EE,1,EE408,student1074@college.edu
2026ME2075,Student_Name_1075,ME,2,ME205,student1075@college.edu
2026CS2076,Student_Name_1076,CS,3,CS401,student1076@college.edu
2026ME2077,Student_Name_1077,ME,2,ME205,student1077@college.edu
2026ME2078,Student_Name_1078,ME,4,ME205,student1078@college.edu
2026ME2079,Student_Name_1079,ME,1,ME205,student1079@college.edu
2026IT2080,Student_Name_1080,IT,4,IT302,student1080@college.edu
2026CS2081,Student_Name_1081,CS,4,CS401,student1081@college.edu
2026CS2082,Student_Name_1082,CS,3,CS401,student1082@college.edu
2026CS2083,Student_Name_1083,CS,3,CS401,student1083@college.edu
2026EE2084,Student_Name_1084,EE,2,EE408,student1084@college.edu
2026ME2085,Student_Name_1085,ME,1,ME205,student1085@college.edu
2026EE2086,Student_Name_1086,EE,2,EE408,student1086@college.edu
2026CS2087,Student_Name_1087,CS,1,CS401,student1087@college.edu
2026EE2088,Student_Name_1088,EE,4,EE408,student1088@college.edu
2026ME2089,Student_Name_1089,ME,1,ME205,student1089@college.edu
2026IT2090,Student_Name_1090,IT,4,IT302,student1090@college.edu
2026ME2091,Student_Name_1091,ME,4,ME205,student1091@college.edu
2026CS2092,Student_Name_1092,CS,2,CS401,student1092@college.edu
2026ME2093,Student_Name_1093,ME,4,ME205,student1093@college.edu
2026ME2094,Student_Name_1094,ME,4,ME205,student1094@college.edu
2026IT2095,Student_Name_1095,IT,1,IT302,student1095@college.edu
2026CS2096,Student_Name_1096,CS,1,CS401,student1096@college.edu
2026CS2097,Student_Name_1097,CS,2,CS401,student1097@college.edu
2026EE2098,Student_Name_1098,EE,2,EE408,student1098@college.edu
2026CS2099,Student_Name_1099,CS,4,CS401,student1099@college.edu
2026CE2100,Student_Name_1100,CE,2,CE101,student1100@college.edu
2026EE2101,Student_Name_1101,EE,2,EE408,student1101@college.edu
2026CS2102,Student_Name_1102,CS,3,CS401,student1102@college.edu
2026IT2103,Student_Name_1103,IT,2,IT302,student1103@college.edu
2026IT2104,Student_Name_1104,IT,1,IT302,student1104@college.edu
2026ME2105,Student_Name_1105,ME,1,ME205,student1105@college.edu
2026CS2106,Student_Name_1106,CS,1,CS401,student1106@college.edu
2026IT2107,Student_Name_1107,IT,3,IT302,student1107@college.edu
2026EE2108,Student_Name_1108,EE,3,EE408,student1108@college.edu
2026ME2109,Student_Name_1109,ME,3,ME205,student1109@college.edu
2026EE2110,Student_Name_1110,EE,1,EE408,student1110@college.edu
2026CS2111,Student_Name_1111,CS,1,CS401,student1111@college.edu
2026ME2112,Student_Name_1112,ME,4,ME205,student1112@college.edu
2026CE2113,Student_Name_1113,CE,3,CE101,student1113@college.edu
2026CE2114,Student_Name_1114,CE,2,CE101,student1114@college.edu
2026CE2115,Student_Name_1115,CE,3,CE101,student1115@college.edu
2026ME2116,Student_Name_1116,ME,4,ME205,student1116@college.edu
2026EE2117,Student_Name_1117,EE,3,EE408,student1117@college.edu
2026CS2118,Student_Name_1118,CS,3,CS401,student1118@college.edu
2026CE2119,Student_Name_1119,CE,2,CE101,student1119@college.edu
2026ME2120,Student_Name_1120,ME,4,ME205,student1120@college.edu
2026CE2121,Student_Name_1121,CE,1,CE101,student1121@college.edu
2026IT2122,Student_Name_1122,IT,2,IT302,student1122@college.edu
2026CS2123,Student_Name_1123,CS,4,CS401,student1123@college.edu
2026EE2124,Student_Name_1124,EE,1,EE408,student1124@college.edu
2026ME2125,Student_Name_1125,ME,2,ME205,student1125@college.edu
2026IT2126,Student_Name_1126,IT,3,IT302,student1126@college.edu
2026EE2127,Student_Name_1127,EE,2,EE408,student1127@college.edu
2026EE2128,Student_Name_1128,EE,4,EE408,student1128@college.edu
2026CS2129,Student_Name_1129,CS,4,CS401,student1129@college.edu
2026CE2130,Student_Name_1130,CE,3,CE101,student1130@college.edu
2026CS2131,Student_Name_1131,CS,1,CS401,student1131@college.edu
2026CE2132,Student_Name_1132,CE,3,CE101,student1132@college.edu
2026CE2133,Student_Name_1133,CE,4,CE101,student1133@college.edu
2026CS2134,Student_Name_1134,CS,3,CS401,student1134@college.edu
2026ME2135,Student_Name_1135,ME,2,ME205,student1135@college.edu
2026IT2136,Student_Name_1136,IT,3,IT302,student1136@college.edu
2026IT2137,Student_Name_1137,IT,2,IT302,student1137@college.edu
2026IT2138,Student_Name_1138,IT,3,IT302,student1138@college.edu
2026IT2139,Student_Name_1139,IT,2,IT302,student1139@college.edu
2026CE2140,Student_Name_1140,CE,2,CE101,student1140@college.edu
2026CS2141,Student_Name_1141,CS,4,CS401,student1141@college.edu
2026ME2142,Student_Name_1142,ME,4,ME205,student1142@college.edu
2026ME2143,Student_Name_1143,ME,4,ME205,student1143@college.edu
2026CS2144,Student_Name_1144,CS,4,CS401,student1144@college.edu
2026CE2145,Student_Name_1145,CE,2,CE101,student1145@college.edu
2026CS2146,Student_Name_1146,CS,1,CS401,student1146@college.edu
2026IT2147,Student_Name_1147,IT,3,IT302,student1147@college.edu
2026CE2148,Student_Name_1148,CE,1,CE101,student1148@college.edu
2026ME2149,Student_Name_1149,ME,3,ME205,student1149@college.edu
2026ME2150,Student_Name_1150,ME,4,ME205,student1150@college.edu
2026EE2151,Student_Name_1151,EE,1,EE408,student1151@college.edu
2026EE2152,Student_Name_1152,EE,3,EE408,student1152@college.edu
2026EE2153,Student_Name_1153,EE,3,EE408,student1153@college.edu
2026IT2154,Student_Name_1154,IT,4,IT302,student1154@college.edu
2026CE2155,Student_Name_1155,CE,3,CE101,student1155@college.edu
2026EE2156,Student_Name_1156,EE,4,EE408,student1156@college.edu
2026IT2157,Student_Name_1157,IT,4,IT302,student1157@college.edu
2026IT2158,Student_Name_1158,IT,2,IT302,student1158@college.edu
2026IT2159,Student_Name_1159,IT,4,IT302,student1159@college.edu
2026ME2160,Student_Name_1160,ME,4,ME205,student1160@college.edu
2026CS2161,Student_Name_1161,CS,2,CS401,student1161@college.edu
2026ME2162,Student_Name_1162,ME,2,ME205,student1162@college.edu
2026CE2163,Student_Name_1163,CE,4,CE101,student1163@college.edu
2026IT2164,Student_Name_1164,IT,1,IT302,student1164@college.edu
2026CS2165,Student_Name_1165,CS,1,CS401,student1165@college.edu
2026CE2166,Student_Name_1166,CE,3,CE101,student1166@college.edu
2026CS2167,Student_Name_1167,CS,4,CS401,student1167@college.edu
2026CS2168,Student_Name_1168,CS,2,CS401,student1168@college.edu
2026ME2169,Student_Name_1169,ME,1,ME205,student1169@college.edu
2026EE2170,Student_Name_1170,EE,2,EE408,student1170@college.edu
2026EE2171,Student_Name_1171,EE,2,EE408,student1171@college.edu
2026IT2172,Student_Name_1172,IT,2,IT302,student1172@college.edu
2026EE2173,Student_Name_1173,EE,3,EE408,student1173@college.edu
2026CE2174,Student_Name_1174,CE,1,CE101,student1174@college.edu
2026CS2175,Student_Name_1175,CS,3,CS401,student1175@college.edu
2026IT2176,Student_Name_1176,IT,2,IT302,student1176@college.edu
2026ME2177,Student_Name_1177,ME,4,ME205,student1177@college.edu
2026CE2178,Student_Name_1178,CE,2,CE101,student1178@college.edu
2026ME2179,Student_Name_1179,ME,4,ME205,student1179@college.edu
2026IT2180,Student_Name_1180,IT,1,IT302,student1180@college.edu
2026ME2181,Student_Name_1181,ME,2,ME205,student1181@college.edu
2026IT2182,Student_Name_1182,IT,1,IT302,student1182@college.edu
2026EE2183,Student_Name_1183,EE,1,EE408,student1183@college.edu
2026EE2184,Student_Name_1184,EE,4,EE408,student1184@college.edu
2026CE2185,Student_Name_1185,CE,3,CE101,student1185@college.edu
2026ME2186,Student_Name_1186,ME,2,ME205,student1186@college.edu
2026CS2187,Student_Name_1187,CS,4,CS401,student1187@college.edu
2026EE2188,Student_Name_1188,EE,4,EE408,student1188@college.edu
2026CE2189,Student_Name_1189,CE,1,CE101,student1189@college.edu
2026CS2190,Student_Name_1190,CS,3,CS401,student1190@college.edu
2026CS2191,Student_Name_1191,CS,4,CS401,student1191@college.edu
2026CS2192,Student_Name_1192,CS,3,CS401,student1192@college.edu
2026CS2193,Student_Name_1193,CS,3,CS401,student1193@college.edu
2026CS2194,Student_Name_1194,CS,3,CS401,student1194@college.edu
2026IT2195,Student_Name_1195,IT,2,IT302,student1195@college.edu
2026CS2196,Student_Name_1196,CS,1,CS401,student1196@college.edu
2026CS2197,Student_Name_1197,CS,2,CS401,student1197@college.edu
2026CE2198,Student_Name_1198,CE,2,CE101,student1198@college.edu
2026IT2199,Student_Name_1199,IT,3,IT302,student1199@college.edu
2026EE2200,Student_Name_1200,EE,2,EE408,student1200@college.edu
2026ME2201,Student_Name_1201,ME,1,ME205,student1201@college.edu
2026CE2202,Student_Name_1202,CE,4,CE101,student1202@college.edu
2026IT2203,Student_Name_1203,IT,4,IT302,student1203@college.edu
2026CE2204,Student_Name_1204,CE,1,CE101,student1204@college.edu
2026IT2205,Student_Name_1205,IT,1,IT302,student1205@college.edu
2026ME2206,Student_Name_1206,ME,3,ME205,student1206@college.edu
2026CE2207,Student_Name_1207,CE,3,CE101,student1207@college.edu
2026ME2208,Student_Name_1208,ME,2,ME205,student1208@college.edu
2026IT2209,Student_Name_1209,IT,4,IT302,student1209@college.edu
2026CE2210,Student_Name_1210,CE,1,CE101,student1210@college.edu
2026ME2211,Student_Name_1211,ME,3,ME205,student1211@college.edu
2026ME2212,Student_Name_1212,ME,4,ME205,student1212@college.edu
2026IT2213,Student_Name_1213,IT,1,IT302,student1213@college.edu
2026CS2214,Student_Name_1214,CS,4,CS401,student1214@college.edu
2026CE2215,Student_Name_1215,CE,3,CE101,student1215@college.edu
2026ME2216,Student_Name_1216,ME,1,ME205,student1216@college.edu
2026ME2217,Student_Name_1217,ME,1,ME205,student1217@college.edu
2026CS2218,Student_Name_1218,CS,4,CS401,student1218@college.edu
2026IT2219,Student_Name_1219,IT,3,IT302,student1219@college.edu
2026EE2220,Student_Name_1220,EE,1,EE408,student1220@college.edu
2026IT2221,Student_Name_1221,IT,3,IT302,student1221@college.edu
2026ME2222,Student_Name_1222,ME,1,ME205,student1222@college.edu
2026ME2223,Student_Name_1223,ME,3,ME205,student1223@college.edu
2026IT2224,Student_Name_1224,IT,2,IT302,student1224@college.edu
2026CS2225,Student_Name_1225,CS,4,CS401,student1225@college.edu
2026EE2226,Student_Name_1226,EE,1,EE408,student1226@college.edu
2026IT2227,Student_Name_1227,IT,3,IT302,student1227@college.edu
2026ME2228,Student_Name_1228,ME,3,ME205,student1228@college.edu
2026IT2229,Student_Name_1229,IT,3,IT302,student1229@college.edu
2026IT2230,Student_Name_1230,IT,2,IT302,student1230@college.edu
2026CE2231,Student_Name_1231,CE,1,CE101,student1231@college.edu
2026EE2232,Student_Name_1232,EE,2,EE408,student1232@college.edu
2026CS2233,Student_Name_1233,CS,4,CS401,student1233@college.edu
2026EE2234,Student_Name_1234,EE,2,EE408,student1234@college.edu
2026IT2235,Student_Name_1235,IT,2,IT302,student1235@college.edu
2026CE2236,Student_Name_1236,CE,4,CE101,student1236@college.edu
2026IT2237,Student_Name_1237,IT,1,IT302,student1237@college.edu
2026CS2238,Student_Name_1238,CS,2,CS401,student1238@college.edu
2026EE2239,Student_Name_1239,EE,4,EE408,student1239@college.edu
2026EE2240,Student_Name_1240,EE,2,EE408,student1240@college.edu
2026IT2241,Student_Name_1241,IT,2,IT302,student1241@college.edu
2026EE2242,Student_Name_1242,EE,4,EE408,student1242@college.edu
2026ME2243,Student_Name_1243,ME,2,ME205,student1243@college.edu
2026IT2244,Student_Name_1244,IT,3,IT302,student1244@college.edu
2026ME2245,Student_Name_1245,ME,2,ME205,student1245@college.edu
2026CS2246,Student_Name_1246,CS,2,CS401,student1246@college.edu
2026CE2247,Student_Name_1247,CE,2,CE101,student1247@college.edu
2026CS2248,Student_Name_1248,CS,3,CS401,student1248@college.edu
2026IT2249,Student_Name_1249,IT,2,IT302,student1249@college.edu
2026IT2250,Student_Name_1250,IT,3,IT302,student1250@college.edu
2026IT2251,Student_Name_1251,IT,2,IT302,student1251@college.edu
2026IT2252,Student_Name_1252,IT,1,IT302,student1252@college.edu
2026ME2253,Student_Name_1253,ME,3,ME205,student1253@college.edu
2026ME2254,Student_Name_1254,ME,2,ME205,student1254@college.edu
2026IT2255,Student_Name_1255,IT,2,IT302,student1255@college.edu
2026CE2256,Student_Name_1256,CE,1,CE101,student1256@college.edu
2026ME2257,Student_Name_1257,ME,4,ME205,student1257@college.edu
2026IT2258,Student_Name_1258,IT,4,IT302,student1258@college.edu
2026ME2259,Student_Name_1259,ME,3,ME205,student1259@college.edu
2026CS2260,Student_Name_1260,CS,4,CS401,student1260@college.edu
2026CE2261,Student_Name_1261,CE,4,CE101,student1261@college.edu
2026CE2262,Student_Name_1262,CE,3,CE101,student1262@college.edu
2026EE2263,Student_Name_1263,EE,4,EE408,student1263@college.edu
2026ME2264,Student_Name_1264,ME,4,ME205,student1264@college.edu
2026CE2265,Student_Name_1265,CE,3,CE101,student1265@college.edu
2026EE2266,Student_Name_1266,EE,4,EE408,student1266@college.edu
2026CS2267,Student_Name_1267,CS,1,CS401,student1267@college.edu
2026IT2268,Student_Name_1268,IT,1,IT302,student1268@college.edu
2026CE2269,Student_Name_1269,CE,3,CE101,student1269@college.edu
2026ME2270,Student_Name_1270,ME,3,ME205,student1270@college.edu
2026IT2271,Student_Name_1271,IT,3,IT302,student1271@college.edu
2026CE2272,Student_Name_1272,CE,3,CE101,student1272@college.edu
2026CE2273,Student_Name_1273,CE,4,CE101,student1273@college.edu
2026EE2274,Student_Name_1274,EE,3,EE408,student1274@college.edu
2026EE2275,Student_Name_1275,EE,4,EE408,student1275@college.edu
2026ME2276,Student_Name_1276,ME,3,ME205,student1276@college.edu
2026IT2277,Student_Name_1277,IT,4,IT302,student1277@college.edu
2026CS2278,Student_Name_1278,CS,2,CS401,student1278@college.edu
2026EE2279,Student_Name_1279,EE,2,EE408,student1279@college.edu
2026CS2280,Student_Name_1280,CS,2,CS401,student1280@college.edu
2026CE2281,Student_Name_1281,CE,4,CE101,student1281@college.edu
2026CS2282,Student_Name_1282,CS,4,CS401,student1282@college.edu
2026IT2283,Student_Name_1283,IT,2,IT302,student1283@college.edu
2026CS2284,Student_Name_1284,CS,4,CS401,student1284@college.edu
2026CS2285,Student_Name_1285,CS,4,CS401,student1285@college.edu
2026ME2286,Student_Name_1286,ME,4,ME205,student1286@college.edu
2026ME2287,Student_Name_1287,ME,1,ME205,student1287@college.edu
2026CE2288,Student_Name_1288,CE,4,CE101,student1288@college.edu
2026CS2289,Student_Name_1289,CS,4,CS401,student1289@college.edu
2026ME2290,Student_Name_1290,ME,4,ME205,student1290@college.edu
2026CE2291,Student_Name_1291,CE,1,CE101,student1291@college.edu
2026CE2292,Student_Name_1292,CE,4,CE101,student1292@college.edu
2026IT2293,Student_Name_1293,IT,2,IT302,student1293@college.edu
2026EE2294,Student_Name_1294,EE,2,EE408,student1294@college.edu
2026CS2295,Student_Name_1295,CS,3,CS401,student1295@college.edu
2026CS2296,Student_Name_1296,CS,2,CS401,student1296@college.edu
2026CE2297,Student_Name_1297,CE,4,CE101,student1297@college.edu
2026CE2298,Student_Name_1298,CE,4,CE101,student1298@college.edu
2026EE2299,Student_Name_1299,EE,2,EE408,student1299@college.edu
2026CS2300,Student_Name_1300,CS,3,CS401,student1300@college.edu
2026CS2301,Student_Name_1301,CS,2,CS401,student1301@college.edu
2026CE2302,Student_Name_1302,CE,2,CE101,student1302@college.edu
2026ME2303,Student_Name_1303,ME,3,ME205,student1303@college.edu
2026ME2304,Student_Name_1304,ME,4,ME205,student1304@college.edu
2026ME2305,Student_Name_1305,ME,4,ME205,student1305@college.edu
2026CS2306,Student_Name_1306,CS,1,CS401,student1306@college.edu
2026ME2307,Student_Name_1307,ME,4,ME205,student1307@college.edu
2026CS2308,Student_Name_1308,CS,4,CS401,student1308@college.edu
2026ME2309,Student_Name_1309,ME,3,ME205,student1309@college.edu
2026IT2310,Student_Name_1310,IT,3,IT302,student1310@college.edu
2026ME2311,Student_Name_1311,ME,4,ME205,student1311@college.edu
2026CE2312,Student_Name_1312,CE,2,CE101,student1312@college.edu
2026EE2313,Student_Name_1313,EE,1,EE408,student1313@college.edu
2026IT2314,Student_Name_1314,IT,1,IT302,student1314@college.edu
2026EE2315,Student_Name_1315,EE,1,EE408,student1315@college.edu
2026CS2316,Student_Name_1316,CS,4,CS401,student1316@college.edu
2026CS2317,Student_Name_1317,CS,4,CS401,student1317@college.edu
2026CS2318,Student_Name_1318,CS,3,CS401,student1318@college.edu
2026EE2319,Student_Name_1319,EE,3,EE408,student1319@college.edu
2026ME2320,Student_Name_1320,ME,4,ME205,student1320@college.edu
2026IT2321,Student_Name_1321,IT,2,IT302,student1321@college.edu
2026ME2322,Student_Name_1322,ME,4,ME205,student1322@college.edu
2026CE2323,Student_Name_1323,CE,3,CE101,student1323@college.edu
2026IT2324,Student_Name_1324,IT,3,IT302,student1324@college.edu
2026EE2325,Student_Name_1325,EE,4,EE408,student1325@college.edu
2026ME2326,Student_Name_1326,ME,1,ME205,student1326@college.edu
2026IT2327,Student_Name_1327,IT,2,IT302,student1327@college.edu
2026ME2328,Student_Name_1328,ME,1,ME205,student1328@college.edu
2026CE2329,Student_Name_1329,CE,2,CE101,student1329@college.edu
2026IT2330,Student_Name_1330,IT,2,IT302,student1330@college.edu
2026CE2331,Student_Name_1331,CE,3,CE101,student1331@college.edu
2026CS2332,Student_Name_1332,CS,2,CS401,student1332@college.edu
2026CS2333,Student_Name_1333,CS,4,CS401,student1333@college.edu
2026CS2334,Student_Name_1334,CS,3,CS401,student1334@college.edu
2026IT2335,Student_Name_1335,IT,3,IT302,student1335@college.edu
2026CE2336,Student_Name_1336,CE,3,CE101,student1336@college.edu
2026ME2337,Student_Name_1337,ME,4,ME205,student1337@college.edu
2026EE2338,Student_Name_1338,EE,3,EE408,student1338@college.edu
2026EE2339,Student_Name_1339,EE,3,EE408,student1339@college.edu
2026CS2340,Student_Name_1340,CS,4,CS401,student1340@college.edu
2026ME2341,Student_Name_1341,ME,4,ME205,student1341@college.edu
2026IT2342,Student_Name_1342,IT,4,IT302,student1342@college.edu
2026IT2343,Student_Name_1343,IT,3,IT302,student1343@college.edu
2026CE2344,Student_Name_1344,CE,4,CE101,student1344@college.edu
2026ME2345,Student_Name_1345,ME,3,ME205,student1345@college.edu
2026EE2346,Student_Name_1346,EE,1,EE408,student1346@college.edu
2026CS2347,Student_Name_1347,CS,3,CS401,student1347@college.edu
2026CE2348,Student_Name_1348,CE,1,CE101,student1348@college.edu
2026CE2349,Student_Name_1349,CE,2,CE101,student1349@college.edu
2026CS2350,Student_Name_1350,CS,1,CS401,student1350@college.edu
2026IT2351,Student_Name_1351,IT,4,IT302,student1351@college.edu
2026CS2352,Student_Name_1352,CS,3,CS401,student1352@college.edu
2026IT2353,Student_Name_1353,IT,2,IT302,student1353@college.edu
2026CE2354,Student_Name_1354,CE,2,CE101,student1354@college.edu
2026EE2355,Student_Name_1355,EE,4,EE408,student1355@college.edu
2026CE2356,Student_Name_1356,CE,3,CE101,student1356@college.edu
2026CS2357,Student_Name_1357,CS,3,CS401,student1357@college.edu
2026IT2358,Student_Name_1358,IT,4,IT302,student1358@college.edu
2026CE2359,Student_Name_1359,CE,4,CE101,student1359@college.edu
2026ME2360,Student_Name_1360,ME,4,ME205,student1360@college.edu
2026CE2361,Student_Name_1361,CE,2,CE101,student1361@college.edu
2026ME2362,Student_Name_1362,ME,2,ME205,student1362@college.edu
2026ME2363,Student_Name_1363,ME,3,ME205,student1363@college.edu
2026CS2364,Student_Name_1364,CS,3,CS401,student1364@college.edu
2026IT2365,Student_Name_1365,IT,2,IT302,student1365@college.edu
2026ME2366,Student_Name_1366,ME,2,ME205,student1366@college.edu
2026ME2367,Student_Name_1367,ME,3,ME205,student1367@college.edu
2026CS2368,Student_Name_1368,CS,1,CS401,student1368@college.edu
2026CE2369,Student_Name_1369,CE,4,CE101,student1369@college.edu
2026CE2370,Student_Name_1370,CE,1,CE101,student1370@college.edu
2026EE2371,Student_Name_1371,EE,3,EE408,student1371@college.edu
2026EE2372,Student_Name_1372,EE,2,EE408,student1372@college.edu
2026ME2373,Student_Name_1373,ME,3,ME205,student1373@college.edu
2026IT2374,Student_Name_1374,IT,1,IT302,student1374@college.edu
2026ME2375,Student_Name_1375,ME,3,ME205,student1375@college.edu
2026CE2376,Student_Name_1376,CE,2,CE101,student1376@college.edu
2026CS2377,Student_Name_1377,CS,4,CS401,student1377@college.edu
2026ME2378,Student_Name_1378,ME,2,ME205,student1378@college.edu
2026ME2379,Student_Name_1379,ME,2,ME205,student1379@college.edu
2026CS2380,Student_Name_1380,CS,4,CS401,student1380@college.edu
2026ME2381,Student_Name_1381,ME,2,ME205,student1381@college.edu
2026IT2382,Student_Name_1382,IT,1,IT302,student1382@college.edu
2026ME2383,Student_Name_1383,ME,2,ME205,student1383@college.edu
2026CE2384,Student_Name_1384,CE,3,CE101,student1384@college.edu
2026CE2385,Student_Name_1385,CE,3,CE101,student1385@college.edu
2026EE2386,Student_Name_1386,EE,1,EE408,student1386@college.edu
2026CE2387,Student_Name_1387,CE,4,CE101,student1387@college.edu
2026EE2388,Student_Name_1388,EE,1,EE408,student1388@college.edu
2026IT2389,Student_Name_1389,IT,4,IT302,student1389@college.edu
2026CS2390,Student_Name_1390,CS,1,CS401,student1390@college.edu
2026IT2391,Student_Name_1391,IT,3,IT302,student1391@college.edu
2026ME2392,Student_Name_1392,ME,4,ME205,student1392@college.edu
2026CE2393,Student_Name_1393,CE,2,CE101,student1393@college.edu
2026IT2394,Student_Name_1394,IT,1,IT302,student1394@college.edu
2026CE2395,Student_Name_1395,CE,3,CE101,student1395@college.edu
2026ME2396,Student_Name_1396,ME,1,ME205,student1396@college.edu
2026CE2397,Student_Name_1397,CE,4,CE101,student1397@college.edu
2026IT2398,Student_Name_1398,IT,1,IT302,student1398@college.edu
2026EE2399,Student_Name_1399,EE,4,EE408,student1399@college.edu
2026ME2400,Student_Name_1400,ME,1,ME205,student1400@college.edu
2026ME2401,Student_Name_1401,ME,1,ME205,student1401@college.edu
2026EE2402,Student_Name_1402,EE,2,EE408,student1402@college.edu
2026EE2403,Student_Name_1403,EE,3,EE408,student1403@college.edu
2026EE2404,Student_Name_1404,EE,4,EE408,student1404@college.edu
2026EE2405,Student_Name_1405,EE,2,EE408,student1405@college.edu
2026CS2406,Student_Name_1406,CS,3,CS401,student1406@college.edu
2026IT2407,Student_Name_1407,IT,1,IT302,student1407@college.edu
2026CS2408,Student_Name_1408,CS,1,CS401,student1408@college.edu
2026IT2409,Student_Name_1409,IT,4,IT302,student1409@college.edu
2026ME2410,Student_Name_1410,ME,1,ME205,student1410@college.edu
2026EE2411,Student_Name_1411,EE,1,EE408,student1411@college.edu
2026CE2412,Student_Name_1412,CE,3,CE101,student1412@college.edu
2026IT2413,Student_Name_1413,IT,4,IT302,student1413@college.edu
2026CE2414,Student_Name_1414,CE,3,CE101,student1414@college.edu
2026IT2415,Student_Name_1415,IT,4,IT302,student1415@college.edu
2026CS2416,Student_Name_1416,CS,3,CS401,student1416@college.edu
2026CS2417,Student_Name_1417,CS,1,CS401,student1417@college.edu
2026CE2418,Student_Name_1418,CE,3,CE101,student1418@college.edu
2026ME2419,Student_Name_1419,ME,1,ME205,student1419@college.edu
2026EE2420,Student_Name_1420,EE,1,EE408,student1420@college.edu
2026CS2421,Student_Name_1421,CS,2,CS401,student1421@college.edu
2026ME2422,Student_Name_1422,ME,3,ME205,student1422@college.edu
2026CE2423,Student_Name_1423,CE,3,CE101,student1423@college.edu
2026EE2424,Student_Name_1424,EE,1,EE408,student1424@college.edu
2026CE2425,Student_Name_1425,CE,3,CE101,student1425@college.edu
2026IT2426,Student_Name_1426,IT,2,IT302,student1426@college.edu
2026ME2427,Student_Name_1427,ME,3,ME205,student1427@college.edu
2026ME2428,Student_Name_1428,ME,4,ME205,student1428@college.edu
2026CE2429,Student_Name_1429,CE,1,CE101,student1429@college.edu
2026CS2430,Student_Name_1430,CS,1,CS401,student1430@college.edu
2026IT2431,Student_Name_1431,IT,3,IT302,student1431@college.edu
2026CS2432,Student_Name_1432,CS,3,CS401,student1432@college.edu
2026EE2433,Student_Name_1433,EE,4,EE408,student1433@college.edu
2026IT2434,Student_Name_1434,IT,2,IT302,student1434@college.edu
2026ME2435,Student_Name_1435,ME,4,ME205,student1435@college.edu
2026CE2436,Student_Name_1436,CE,3,CE101,student1436@college.edu
2026ME2437,Student_Name_1437,ME,4,ME205,student1437@college.edu
2026ME2438,Student_Name_1438,ME,2,ME205,student1438@college.edu
2026CS2439,Student_Name_1439,CS,2,CS401,student1439@college.edu
2026EE2440,Student_Name_1440,EE,1,EE408,student1440@college.edu
2026CE2441,Student_Name_1441,CE,4,CE101,student1441@college.edu
2026CE2442,Student_Name_1442,CE,2,CE101,student1442@college.edu
2026EE2443,Student_Name_1443,EE,2,EE408,student1443@college.edu
2026CE2444,Student_Name_1444,CE,2,CE101,student1444@college.edu
2026EE2445,Student_Name_1445,EE,2,EE408,student1445@college.edu
2026CS2446,Student_Name_1446,CS,2,CS401,student1446@college.edu
2026EE2447,Student_Name_1447,EE,1,EE408,student1447@college.edu
2026CS2448,Student_Name_1448,CS,1,CS401,student1448@college.edu
2026IT2449,Student_Name_1449,IT,3,IT302,student1449@college.edu
2026CS2450,Student_Name_1450,CS,1,CS401,student1450@college.edu
2026CS2451,Student_Name_1451,CS,3,CS401,student1451@college.edu
2026ME2452,Student_Name_1452,ME,2,ME205,student1452@college.edu
2026CE2453,Student_Name_1453,CE,1,CE101,student1453@college.edu
2026ME2454,Student_Name_1454,ME,1,ME205,student1454@college.edu
2026EE2455,Student_Name_1455,EE,4,EE408,student1455@college.edu
2026ME2456,Student_Name_1456,ME,2,ME205,student1456@college.edu
2026CS2457,Student_Name_1457,CS,2,CS401,student1457@college.edu
2026IT2458,Student_Name_1458,IT,3,IT302,student1458@college.edu
2026IT2459,Student_Name_1459,IT,3,IT302,student1459@college.edu
2026IT2460,Student_Name_1460,IT,2,IT302,student1460@college.edu
2026EE2461,Student_Name_1461,EE,4,EE408,student1461@college.edu
2026CE2462,Student_Name_1462,CE,1,CE101,student1462@college.edu
2026ME2463,Student_Name_1463,ME,1,ME205,student1463@college.edu
2026EE2464,Student_Name_1464,EE,1,EE408,student1464@college.edu
2026CS2465,Student_Name_1465,CS,4,CS401,student1465@college.edu
2026CS2466,Student_Name_1466,CS,2,CS401,student1466@college.edu
2026CS2467,Student_Name_1467,CS,4,CS401,student1467@college.edu
2026ME2468,Student_Name_1468,ME,4,ME205,student1468@college.edu
2026ME2469,Student_Name_1469,ME,4,ME205,student1469@college.edu
2026IT2470,Student_Name_1470,IT,1,IT302,student1470@college.edu
2026ME2471,Student_Name_1471,ME,4,ME205,student1471@college.edu
2026CS2472,Student_Name_1472,CS,1,CS401,student1472@college.edu
2026CS2473,Student_Name_1473,CS,4,CS401,student1473@college.edu
2026IT2474,Student_Name_1474,IT,3,IT302,student1474@college.edu
2026EE2475,Student_Name_1475,EE,3,EE408,student1475@college.edu
2026IT2476,Student_Name_1476,IT,4,IT302,student1476@college.edu
2026ME2477,Student_Name_1477,ME,1,ME205,student1477@college.edu
2026ME2478,Student_Name_1478,ME,4,ME205,student1478@college.edu
2026EE2479,Student_Name_1479,EE,2,EE408,student1479@college.edu
2026IT2480,Student_Name_1480,IT,3,IT302,student1480@college.edu
2026ME2481,Student_Name_1481,ME,2,ME205,student1481@college.edu
2026CE2482,Student_Name_1482,CE,1,CE101,student1482@college.edu
2026EE2483,Student_Name_1483,EE,3,EE408,student1483@college.edu
2026CE2484,Student_Name_1484,CE,3,CE101,student1484@college.edu
2026CS2485,Student_Name_1485,CS,2,CS401,student1485@college.edu
2026EE2486,Student_Name_1486,EE,3,EE408,student1486@college.edu
2026ME2487,Student_Name_1487,ME,2,ME205,student1487@college.edu
2026CS2488,Student_Name_1488,CS,2,CS401,student1488@college.edu
2026EE2489,Student_Name_1489,EE,1,EE408,student1489@college.edu
2026CS2490,Student_Name_1490,CS,3,CS401,student1490@college.edu
2026CE2491,Student_Name_1491,CE,4,CE101,student1491@college.edu
2026CS2492,Student_Name_1492,CS,1,CS401,student1492@college.edu
2026CS2493,Student_Name_1493,CS,3,CS401,student1493@college.edu
2026IT2494,Student_Name_1494,IT,4,IT302,student1494@college.edu
2026CE2495,Student_Name_1495,CE,4,CE101,student1495@college.edu
2026CS2496,Student_Name_1496,CS,3,CS401,student1496@college.edu
2026CE2497,Student_Name_1497,CE,3,CE101,student1497@college.edu
2026CS2498,Student_Name_1498,CS,4,CS401,student1498@college.edu
2026CS2499,Student_Name_1499,CS,1,CS401,student1499@college.edu
2026ME2500,Student_Name_1500,ME,1,ME205,student1500@college.edu
